﻿,fact_check_url,news_url,title
100338,who.int,https://www.who.int/emergencies/diseases/novel-coronavirus-2019/advice-for-public/myth-busters,Vitamin and mineral supplements cannot cure COVID-19
100339,who.int,https://www.who.int/emergencies/diseases/novel-coronavirus-2019/question-and-answers-hub/q-a-detail/coronavirus-disease-covid-19-pregnancy-and-childbirth,Are pregnant women at higher risk from COVID-19?
100340,who.int,https://www.who.int/emergencies/diseases/novel-coronavirus-2019/question-and-answers-hub/q-a-detail/coronavirus-disease-covid-19-pregnancy-and-childbirth,I’m pregnant. How can I protect myself against COVID-19?
100341,who.int,https://www.who.int/emergencies/diseases/novel-coronavirus-2019/question-and-answers-hub/q-a-detail/coronavirus-disease-covid-19-pregnancy-and-childbirth,Should pregnant women be tested for COVID-19?
100342,who.int,https://www.who.int/emergencies/diseases/novel-coronavirus-2019/question-and-answers-hub/q-a-detail/coronavirus-disease-covid-19-pregnancy-and-childbirth,Can COVID-19 be passed from a woman to her unborn or newborn baby?
100343,who.int,https://www.who.int/emergencies/diseases/novel-coronavirus-2019/question-and-answers-hub/q-a-detail/coronavirus-disease-covid-19-pregnancy-and-childbirth,What care should be available during pregnancy and childbirth?
100344,who.int,https://www.who.int/emergencies/diseases/novel-coronavirus-2019/question-and-answers-hub/q-a-detail/coronavirus-disease-covid-19-pregnancy-and-childbirth,Do pregnant women with suspected or confirmed COVID-19 need to give birth by caesarean section?
100345,who.int,https://www.who.int/emergencies/diseases/novel-coronavirus-2019/question-and-answers-hub/q-a-detail/coronavirus-disease-covid-19-pregnancy-and-childbirth,Can I touch and hold my newborn baby if I have COVID-19?
100346,who.int,https://www.who.int/emergencies/diseases/novel-coronavirus-2019/question-and-answers-hub/q-a-detail/coronavirus-disease-covid-19-schools,Are children at lower risk of COVID-19 than adults?
100347,who.int,https://www.who.int/emergencies/diseases/novel-coronavirus-2019/question-and-answers-hub/q-a-detail/coronavirus-disease-covid-19-schools,What is the role of children in transmission?
100348,who.int,https://www.who.int/emergencies/diseases/novel-coronavirus-2019/question-and-answers-hub/q-a-detail/coronavirus-disease-covid-19-schools,"Should children with underlying health conditions (asthma, diabetes, obesity) return to school?"
100349,who.int,https://www.who.int/emergencies/diseases/novel-coronavirus-2019/question-and-answers-hub/q-a-detail/coronavirus-disease-covid-19-schools,Should teachers and other staff with underlying health conditions return to school?
100350,who.int,https://www.who.int/emergencies/diseases/novel-coronavirus-2019/question-and-answers-hub/q-a-detail/coronavirus-disease-covid-19-schools,What is the incubation period for children?
100351,who.int,https://www.who.int/emergencies/diseases/novel-coronavirus-2019/question-and-answers-hub/q-a-detail/coronavirus-disease-covid-19-schools,What should be considered when deciding whether to re-open schools or keep them open?
100352,who.int,https://www.who.int/emergencies/diseases/novel-coronavirus-2019/question-and-answers-hub/q-a-detail/coronavirus-disease-covid-19-schools,What benefits would school re-opening provide?
100353,who.int,https://www.who.int/emergencies/diseases/novel-coronavirus-2019/question-and-answers-hub/q-a-detail/coronavirus-disease-covid-19-schools,What are the prevention and control measures to be prepared and put in place in schools?
100354,who.int,https://www.who.int/emergencies/diseases/novel-coronavirus-2019/question-and-answers-hub/q-a-detail/coronavirus-disease-covid-19-schools,Checklist for parents/caregivers and community members
100355,who.int,https://www.who.int/emergencies/diseases/novel-coronavirus-2019/question-and-answers-hub/q-a-detail/coronavirus-disease-covid-19-schools,Checklist for students and children
100356,who.int,https://www.who.int/emergencies/diseases/novel-coronavirus-2019/question-and-answers-hub/q-a-detail/coronavirus-disease-covid-19-schools,What are the risks during transportation to and from schools?
100357,who.int,https://www.who.int/emergencies/diseases/novel-coronavirus-2019/question-and-answers-hub/q-a-detail/coronavirus-disease-covid-19-schools,"Does WHO recommend staff and children to wear masks at school? And if yes, what type of masks?"
100358,who.int,https://www.who.int/emergencies/diseases/novel-coronavirus-2019/question-and-answers-hub/q-a-detail/coronavirus-disease-covid-19-schools,Are there any specific recommendations on school ventilation and air conditioning use?
100359,who.int,https://www.who.int/emergencies/diseases/novel-coronavirus-2019/question-and-answers-hub/q-a-detail/coronavirus-disease-covid-19-schools,What should be monitored after re-opening of school?
100360,who.int,https://www.who.int/emergencies/diseases/novel-coronavirus-2019/question-and-answers-hub/q-a-detail/coronavirus-disease-(covid-19)-vaccine-access-and-allocation,"As safe and effective vaccines for COVID-19 are approved, who should be the first to receive them?"
100361,who.int,https://www.who.int/emergencies/diseases/novel-coronavirus-2019/question-and-answers-hub/q-a-detail/coronavirus-disease-(covid-19)-vaccine-access-and-allocation,What is WHO doing to ensure that COVID-19 vaccines will be allocated fairly?
100362,who.int,https://www.who.int/emergencies/diseases/novel-coronavirus-2019/question-and-answers-hub/q-a-detail/coronavirus-disease-(covid-19)-vaccine-access-and-allocation,How is WHO helping countries prepare for COVID-19 vaccines?
100363,who.int,https://www.who.int/emergencies/diseases/novel-coronavirus-2019/question-and-answers-hub/q-a-detail/coronavirus-disease-(covid-19)-vaccine-research-and-development,How is the research and development process being accelerated without compromising safety?
100364,who.int,https://www.who.int/emergencies/diseases/novel-coronavirus-2019/question-and-answers-hub/q-a-detail/coronavirus-disease-(covid-19)-vaccine-research-and-development,What are human challenge studies? What is WHO’s view on these studies?
100365,who.int,https://www.who.int/emergencies/diseases/novel-coronavirus-2019/question-and-answers-hub/q-a-detail/coronavirus-disease-(covid-19)-vaccine-research-and-development,Who should participate in clinical trials for COVID-19 vaccines?
100366,who.int,https://www.who.int/emergencies/diseases/novel-coronavirus-2019/question-and-answers-hub/q-a-detail/coronavirus-disease-(covid-19)-vaccine-research-and-development,How do I volunteer for a COVID-19 vaccine trial?
100367,who.int,https://www.who.int/emergencies/diseases/novel-coronavirus-2019/question-and-answers-hub/q-a-detail/coronavirus-disease-(covid-19)-vaccines,Is there a vaccine for COVID-19?
100368,who.int,https://www.who.int/emergencies/diseases/novel-coronavirus-2019/question-and-answers-hub/q-a-detail/coronavirus-disease-(covid-19)-vaccines,When will COVID-19 vaccines be ready for distribution?
100369,who.int,https://www.who.int/emergencies/diseases/novel-coronavirus-2019/question-and-answers-hub/q-a-detail/coronavirus-disease-(covid-19)-vaccines,"How likely is it that safe, effective vaccines for COVID-19 will be developed?"
100370,who.int,https://www.who.int/emergencies/diseases/novel-coronavirus-2019/question-and-answers-hub/q-a-detail/coronavirus-disease-(covid-19)-vaccines,How quickly could COVID-19 vaccines stop the pandemic?
100371,who.int,https://www.who.int/emergencies/diseases/novel-coronavirus-2019/question-and-answers-hub/q-a-detail/coronavirus-disease-(covid-19)-vaccines,What types of COVID-19 vaccines are being developed? How would they work?
100372,who.int,https://www.who.int/emergencies/diseases/novel-coronavirus-2019/question-and-answers-hub/q-a-detail/coronavirus-disease-(covid-19)-vaccines,Will other vaccines help protect me from COVID-19?
100373,who.int,https://www.who.int/emergencies/diseases/novel-coronavirus-2019/question-and-answers-hub/q-a-detail/coronavirus-disease-(covid-19)-vaccines,Will COVID-19 vaccines provide long-term protection?