retweet_count,favorite_count,user_followers_count,date
919,0,180,2020-04-29
21,30,91616,2020-03-18
14,30,1328360,2020-05-23
1,3,68967,2020-05-23
1,2,60058,2020-05-17
658,0,378858,2020-03-17
20,71,3127760,2020-04-20
4700,0,3631,2020-04-18
69,240,2484148,2020-04-08
1,6,68967,2020-04-25
36,29,21322,2020-03-08
35,162,91616,2020-04-10
28,46,834276,2020-05-07
31,66,91616,2020-04-13
3,12,68093,2020-05-13
109,217,378858,2020-05-18
4,3,68967,2020-04-24
5,1,68967,2020-03-17
2,9,68967,2020-03-26
23,47,68093,2020-05-05
23,0,1083475,2020-04-18
48,55,201223,2020-03-03
19,64,3127760,2020-04-25
76,153,694204,2020-04-15
9,10,68093,2020-03-16
70,141,68967,2020-04-26
33,38,45459,2020-05-07
119,130,39508,2020-03-12
3,3,68967,2020-03-26
0,3,8651,2020-03-16
315,0,1083475,2020-05-05
7,0,10,2020-03-05
1045,0,328,2020-05-13
27,35,293623,2020-03-08
2,2,68967,2020-03-25
1013,0,31,2020-03-04
6,1,13497,2020-03-25
19,0,21322,2020-03-21
12,13,19164,2020-03-17
2,2,60058,2020-05-02
24,30,201223,2020-03-03
10,16,1328360,2020-04-24
3,7,77655,2020-05-08
2,1,60058,2020-04-02
89,257,2484148,2020-04-12
14,24,91616,2020-04-18
29,25,19164,2020-03-27
31,0,378858,2020-05-06
14,18,68967,2020-05-17
19,18,68967,2020-03-02
1,2,60058,2020-04-24
1,4,68967,2020-05-19
15,23,34158,2020-03-14
0,0,960,2020-03-05
8,15,694204,2020-05-15
25,0,39508,2020-05-12
2,8,68967,2020-05-08
12,15,1083475,2020-03-17
40,55,2484148,2020-03-17
0,2,343,2020-03-01
776,0,91616,2020-03-13
7,14,293623,2020-04-29
2,4,68966,2020-04-01
0,0,252,2020-03-04
25,33,19164,2020-04-02
14,17,2032861,2020-05-21
14,18,144497,2020-05-06
70,144,1328360,2020-04-23
17,22,34158,2020-05-01
85,0,23564,2020-05-01
11,9,34158,2020-03-19
2,11,68093,2020-05-09
253,0,1136,2020-03-03
0,1,94847,2020-05-07
8,0,7470,2020-05-06
75,112,3127760,2020-03-06
1423,0,52475,2020-03-22
17,77,293623,2020-03-25
11,24,2032861,2020-03-26
1,2,94847,2020-04-08
351,0,990,2020-03-29
43,97,3127760,2020-04-01
25,0,7470,2020-05-05
4,7,68966,2020-03-17
19,17,378858,2020-05-01
38,36,378858,2020-04-27
55,0,2484148,2020-05-20
112,128,3127760,2020-04-21
47,53,3127760,2020-04-24
1,11,68966,2020-05-04
20,26,91616,2020-03-09
8,11,77655,2020-04-08
66,0,2484148,2020-05-24
6,0,25835,2020-05-14
2656,0,183,2020-03-22
152,0,378858,2020-05-08
0,1,1444,2020-03-01
72,0,2484148,2020-04-24
57,0,19164,2020-03-19
44,137,2484148,2020-04-22
1856,0,25835,2020-05-25
15,18,1328360,2020-04-25
5,7,77655,2020-04-29
64,99,834276,2020-03-19
34,90,834276,2020-04-15
5,7,19164,2020-04-07
17,26,68093,2020-04-06
6,14,68093,2020-04-25
16,30,3127760,2020-03-07
26,0,91616,2020-03-25
36,163,91616,2020-05-13
326,0,708489,2020-04-28
2,6,68966,2020-05-25
25,0,2484148,2020-05-11
3,10,68966,2020-03-27
66,114,834276,2020-03-18
53,195,2484148,2020-04-17
3,7,77655,2020-05-25
51,0,39508,2020-04-16
24,95,2484148,2020-05-09
2757,0,34,2020-03-24
11,9,19164,2020-05-21
1072,0,45459,2020-03-20
19,35,3127760,2020-03-19
37,0,2484148,2020-04-24
0,1,1586,2020-03-22
16,19,91616,2020-03-10
14,0,60058,2020-05-04
73,253,2484148,2020-05-13
26,0,1083475,2020-05-11
0,1,762,2020-03-10
837,0,81,2020-04-27
3,9,68093,2020-04-27
3,10,68966,2020-04-10
0,0,60058,2020-04-28
8,19,1328360,2020-05-18
8,8,77655,2020-05-06
154,282,2484148,2020-05-25
23,18,2032861,2020-03-30
0,0,378858,2020-05-20
0,0,900,2020-05-13
95,387,2484148,2020-03-31
0,0,259,2020-03-30
75,122,91616,2020-03-21
21,27,45459,2020-05-18
308,0,378858,2020-04-06
4,4,18123,2020-05-16
25,45,694204,2020-05-20
2,8,68966,2020-05-25
96,399,2484148,2020-04-26
2,4,60058,2020-05-15
560,941,834276,2020-04-08
3,10,108424,2020-05-16
4,0,25835,2020-05-02
16,0,34158,2020-04-23
10,21,68966,2020-05-02
17,32,694204,2020-05-21
235,0,378858,2020-03-28
4680,0,39508,2020-03-11
0,3,68966,2020-04-23
838,0,262,2020-03-04
15,0,52475,2020-04-16
23,38,144497,2020-05-12
0,0,3047,2020-03-11
9,17,144497,2020-03-28
263,0,91616,2020-03-12
79,43,378858,2020-04-23
4,6,68966,2020-05-07
20,41,694204,2020-05-20
3,3,19164,2020-04-24
0,0,156,2020-03-10
1602,0,100,2020-03-06
1,3,60058,2020-05-18
6,4,60058,2020-05-12
2,4,60058,2020-05-18
59,38,378858,2020-03-06
518,938,834276,2020-03-19
2,4,68966,2020-04-15
46,41,34158,2020-03-05
16,0,1035,2020-03-24
2,3,60058,2020-05-14
12,36,293623,2020-05-10
5,0,21322,2020-04-01
144,146,834276,2020-03-27
2,0,25835,2020-05-22
4,4,293623,2020-05-06
5,12,108424,2020-04-23
1098,0,85,2020-04-19
2,8,39508,2020-05-06
19,39,52475,2020-03-22
255,0,2484148,2020-05-08
2,0,25835,2020-04-21
59,132,834276,2020-03-20
6,12,68966,2020-05-02
3,5,77655,2020-03-28
9,23,3127760,2020-05-19
41,0,2484148,2020-05-02
135,0,834276,2020-04-14
2,3,60058,2020-05-03
7547,0,654,2020-03-11
1472,0,25835,2020-05-17
13,5,2032861,2020-04-01
40,71,68966,2020-04-16
7,12,45459,2020-05-04
104,181,1328359,2020-04-28
94,0,19164,2020-03-17
37,0,378858,2020-04-22
20,23,108424,2020-04-27
0,0,41,2020-04-11
24,143,1328359,2020-05-22
0,0,49,2020-03-10
59,0,23564,2020-05-18
60,160,708489,2020-04-26
338,0,7361,2020-03-22
14,24,144497,2020-04-26
6,0,3256,2020-05-13
59,96,2032861,2020-03-16
289,1059,2484148,2020-04-07
0,1,144497,2020-04-20
33,65,834276,2020-05-08
5,4,4470,2020-05-18
27,37,1328359,2020-05-03
172,0,91616,2020-05-22
63,0,39508,2020-04-04
3,0,18680,2020-05-25
1,4,144497,2020-04-01
22,24,293623,2020-03-25
0,0,94847,2020-05-13
0,3,60058,2020-05-23
4,0,7470,2020-04-06
4,4,60058,2020-04-07
2,5,77655,2020-04-08
362,0,303,2020-04-21
54,65,91616,2020-03-21
1888,2448,1328359,2020-04-28
38,0,485512,2020-05-15
74,59,91616,2020-04-17
8,0,3031,2020-03-09
2,4,60058,2020-04-22
176,479,2484148,2020-04-04
223,1258,2484148,2020-04-02
0,0,96,2020-04-16
10,22,68966,2020-03-13
87,182,378858,2020-05-18
2,0,25835,2020-05-13
0,0,91,2020-04-24
5,14,68966,2020-03-06
32,0,981,2020-03-01
99,304,2484148,2020-05-07
27,0,2484148,2020-04-17
0,6,68966,2020-03-28
23,62,2484148,2020-05-22
12,42,9530,2020-04-15
3,8,68966,2020-03-31
34,90,2484148,2020-04-07
93,121,834276,2020-05-09
77,0,7470,2020-03-31
452,0,39508,2020-03-20
11,19,201223,2020-04-30
0,0,107,2020-03-27
70,0,2484148,2020-05-14
67,0,378858,2020-04-06
3,7,45459,2020-04-09
30,22,19164,2020-04-08
28,46,68093,2020-04-06
53,0,378858,2020-05-13
40,0,21322,2020-04-20
4568,0,611,2020-03-16
223,337,834276,2020-05-01
2,7,144497,2020-04-03
24,59,2484148,2020-05-19
34,0,378858,2020-05-06
2,0,77655,2020-03-30
19,17,2032861,2020-03-22
33,53,708489,2020-05-06
76,0,23564,2020-04-17
6,11,77655,2020-05-24
79,75,94847,2020-05-05
7,11,2032861,2020-04-17
1,3,68966,2020-03-27
1,1,2124,2020-03-23
74,198,708489,2020-04-30
4,9,60058,2020-04-12
28,85,2484148,2020-05-14
2,1,108424,2020-03-09
1197,1880,834276,2020-03-30
178,0,3039,2020-04-02
1631,0,23,2020-03-10
85,0,378858,2020-03-21
1,1,4470,2020-04-21
23,80,708489,2020-05-04
2,3,60058,2020-04-13
25,47,2032861,2020-05-02
2,17,52475,2020-04-04
0,2,68966,2020-03-11
0,0,1002,2020-03-10
25,18,91616,2020-04-09
9920,0,273,2020-03-22
29,0,45459,2020-03-17
8,0,7470,2020-05-21
0,1,52,2020-03-04
77,129,694204,2020-04-23
234,0,39508,2020-03-31
22,31,694204,2020-03-30
35,0,52475,2020-03-14
193,0,21322,2020-03-05
13,18,108424,2020-04-15
7,16,68093,2020-04-25
8,11,68966,2020-05-09
11,0,52475,2020-04-10
31,0,2484148,2020-05-11
47,0,91616,2020-03-22
19,0,2032861,2020-05-18
5,7,68966,2020-03-20
172,0,7470,2020-03-25
10,13,2032861,2020-04-06
1,3,45459,2020-03-02
152,272,834276,2020-04-03
344,432,1083476,2020-04-03
2,4,60058,2020-04-18
1170,0,25835,2020-04-08
11,9,19170,2020-03-28
7,24,3127760,2020-03-21
54,63,1328359,2020-04-28
4,4,34158,2020-04-10
7,8,45459,2020-04-15
43,39,19164,2020-04-07
48,0,39508,2020-03-27
35,0,1532,2020-05-13
32,54,60058,2020-03-31
38,43,378858,2020-04-03
1,2,60058,2020-04-15
2,4,8651,2020-04-22
5,12,68966,2020-04-10
10,22,108424,2020-04-08
38,65,1083476,2020-04-22
4905,0,590,2020-03-18
281,551,2484148,2020-03-19
4,14,68966,2020-05-21
25,37,1083476,2020-04-28
46,58,3127760,2020-04-08
36,76,2032861,2020-03-14
31653,0,1658,2020-03-14
177,0,39508,2020-03-26
22207,0,165,2020-03-13
556,0,44,2020-04-07
26,0,18123,2020-04-07
5697,0,9,2020-03-22
1655,0,2,2020-03-09
27,54,2484148,2020-03-13
38,0,61,2020-03-01
0,0,50,2020-03-10
36,0,108424,2020-03-30
73,72,23564,2020-05-22
5,23,10588,2020-03-05
34,0,2484148,2020-05-11
1,6,68966,2020-03-25
3,2,60058,2020-04-22
42,64,201223,2020-05-19
10,12,18123,2020-03-13
28,37,60058,2020-03-22
1,1,68966,2020-05-02
41,0,39508,2020-03-19
3,0,962,2020-03-10
1,4,52475,2020-03-05
7,3,19164,2020-04-28
0,1,1915,2020-03-03
113,332,2484148,2020-04-17
5,3,4470,2020-03-03
19,30,201223,2020-03-27
26,162,2484148,2020-04-30
2,6,18680,2020-03-23
112,0,1083476,2020-05-14
214,488,144497,2020-05-11
58,117,2032861,2020-04-06
1238,0,275,2020-03-21
8,8,18123,2020-03-22
0,6,68966,2020-03-05
29,21,378858,2020-05-01
5,6,45459,2020-03-31
28,0,39508,2020-05-06
0,0,94847,2020-03-16
0,4,8651,2020-04-17
4,0,7470,2020-03-28
42,100,3127760,2020-05-18
87,168,2032861,2020-04-26
3,0,25835,2020-04-09
88,0,39508,2020-04-24
1,6,68966,2020-04-21
59,0,2484148,2020-05-13
13,11,60058,2020-03-11
3,0,181,2020-03-01
380,0,25835,2020-05-18
8,13,60058,2020-03-02
0,11,68966,2020-04-25
0,0,68966,2020-03-21
42,94,293623,2020-04-26
15,0,60058,2020-03-25
41,26,45459,2020-03-23
33,0,39508,2020-05-01
1,3,19164,2020-05-20
58,94,201223,2020-04-29
11,29,144497,2020-05-13
0,0,151,2020-03-11
49,38,91616,2020-03-21
113,0,11,2020-03-06
38,52,91616,2020-03-13
292,489,834276,2020-04-02
37,39,60058,2020-04-01
3,0,25835,2020-04-27
50,119,52475,2020-04-04
59,41,1328359,2020-05-09
58,106,3127760,2020-05-20
6,5,19164,2020-03-19
10,9,77655,2020-04-11
11,36,45459,2020-04-21
11,22,34158,2020-03-17
3,7,52475,2020-04-22
25,29,39508,2020-03-04
1,2,19164,2020-05-15
2020,0,708489,2020-03-20
0,1,94847,2020-04-29
111,132,144497,2020-03-23
43,0,52475,2020-05-20
0,1,52475,2020-04-08
53,0,7470,2020-03-17
2,12,45459,2020-04-09
0,1,52475,2020-03-09
2051,0,7470,2020-03-17
9,15,68093,2020-04-22
17,71,2484148,2020-05-20
17,44,834276,2020-03-25
106,263,2484148,2020-05-01
17,7,45459,2020-04-21
2,10,108424,2020-04-15
25,38,1083476,2020-03-30
4,15,68966,2020-04-12
3,5,45459,2020-03-19
80,0,23564,2020-04-01
11,23,694204,2020-04-19
436,1485,708489,2020-03-27
3,7,60058,2020-04-25
49,150,2484148,2020-04-15
37,47,3127760,2020-03-02
7,0,7470,2020-05-19
3,0,25835,2020-05-14
18,19,19164,2020-04-30
4,9,77655,2020-04-03
76,121,834276,2020-05-15
27,60,91616,2020-04-18
28,45,19164,2020-03-19
57,82,2032861,2020-05-07
3,4,45459,2020-04-06
49,97,834276,2020-04-25
6,6,19164,2020-04-22
68,215,2484148,2020-04-07
1,1,556,2020-03-04
14,17,3127760,2020-05-14
3,22,68966,2020-05-10
859,0,2,2020-04-17
6,0,2863,2020-03-25
3,4,60058,2020-04-18
151,180,485512,2020-05-14
38,55,108424,2020-04-03
1,19,68966,2020-05-12
3,6,39508,2020-05-15
1,4,60058,2020-05-03
9,11,68966,2020-04-10
0,0,288,2020-04-06
6,12,68966,2020-05-02
22,18,45459,2020-03-29
2,5,60058,2020-04-29
58,158,2484148,2020-04-21
5,7,60058,2020-04-13
6,10,144497,2020-04-19
76,99,201223,2020-05-01
20,13,60058,2020-03-18
59,109,201223,2020-04-07
17,20,3127760,2020-03-27
0,0,94847,2020-04-15
9,5,34158,2020-03-13
0,0,1467,2020-03-04
824,0,1747,2020-04-11
14,30,694204,2020-04-15
29,31,60058,2020-03-28
7,8,34158,2020-05-06
15,16,2032861,2020-05-13
0,1,9790,2020-03-23
2,4,60058,2020-05-24
16,26,108424,2020-04-11
304,368,293623,2020-04-01
1201,1978,834276,2020-05-01
1,4,18123,2020-04-15
15,14,108424,2020-05-05
306,0,1083476,2020-05-03
39,122,2484148,2020-05-18
10,14,144497,2020-05-22
1,3,68966,2020-05-22
11,11,60058,2020-03-25
17,0,19164,2020-04-09
4,6,19164,2020-03-25
3,10,144497,2020-05-22
645,0,118,2020-03-01
638,0,34158,2020-03-30
0,3,68966,2020-05-02
4,4,60058,2020-04-26
7,31,18123,2020-05-03
28,0,39508,2020-04-23
2,7,68966,2020-04-02
4,2,60058,2020-05-18
15,12,91616,2020-04-23
0,0,68966,2020-03-28
10809,0,144497,2020-04-02
0,0,2033,2020-03-04
0,1,68966,2020-03-31
3,4,60058,2020-04-23
56,0,14081,2020-04-04
818,0,128,2020-04-18
3,13,68966,2020-04-22
2,2,60058,2020-05-04
5,9,68966,2020-05-04
5,0,8651,2020-04-18
2,2,60058,2020-04-13
124,357,2484148,2020-04-09
9,15,1328359,2020-05-25
0,2,3342,2020-03-05
12,16,45459,2020-04-07
1,6,28473,2020-03-23
0,1,1808,2020-03-02
12,18,77655,2020-04-24
2,6,8651,2020-03-26
174,0,7470,2020-04-01
394,0,7470,2020-04-09
17,14,1328359,2020-04-26
19,56,45459,2020-03-12
15,17,34158,2020-04-06
11,11,2032861,2020-04-23
15,12,34158,2020-03-10
499,0,25835,2020-03-27
133,0,263,2020-04-22
2,12,19164,2020-03-26
2,5,68966,2020-04-22
29,95,108424,2020-05-04
58,0,378858,2020-05-12
352,396,3127760,2020-03-29
1164,0,230,2020-03-05
7,12,2032861,2020-05-11
118,0,7470,2020-03-06
1299,0,52475,2020-03-11
4,4,8651,2020-03-23
4,8,378858,2020-05-15
26,34,183783,2020-03-07
68,106,694204,2020-03-18
1,1,5053,2020-03-09
117,0,485512,2020-05-04
11,25,293623,2020-03-17
1,2,60058,2020-05-11
541,485,708489,2020-03-18
146,0,25835,2020-03-04
19,19,60058,2020-03-27
63,125,834276,2020-03-19
1,3,60058,2020-04-19
14,10,19164,2020-05-21
122,0,205,2020-03-01
1,5,68966,2020-04-30
2,0,25835,2020-05-20
4,8,39508,2020-04-01
48,0,7470,2020-05-12
0,0,67,2020-03-12
22,50,108424,2020-03-05
29,30,60058,2020-03-04
0,0,94847,2020-04-28
1,1,68966,2020-05-16
0,0,967,2020-03-25
48,0,2484148,2020-04-15
6,0,19164,2020-04-17
30,70,144497,2020-05-04
12,13,91616,2020-04-28
0,1,108424,2020-03-07
38,126,2484148,2020-04-29
10,0,91616,2020-04-22
3,5,19164,2020-03-09
6,23,3127760,2020-04-02
1,3,8651,2020-03-28
218,0,7470,2020-03-17
2,4,60058,2020-05-20
61,0,378858,2020-05-25
0,0,94847,2020-04-29
21,0,91616,2020-04-12
100,166,45459,2020-05-23
35,44,1328359,2020-05-24
61,0,378858,2020-05-12
144,377,2484148,2020-04-28
29,72,3127760,2020-04-07
139,370,2484148,2020-04-02
2,3,60058,2020-05-21
11,13,2032861,2020-03-27
3,3,18123,2020-05-11
154,429,2484148,2020-05-01
50,0,378858,2020-04-29
1,6,68966,2020-03-22
2,8,91616,2020-03-03
11,16,45459,2020-05-13
217,0,378858,2020-03-23
3,3,60058,2020-04-12
2,6,60058,2020-04-30
96,0,378858,2020-04-22
0,3,68966,2020-03-17
10,11,694204,2020-04-23
176,220,3127760,2020-04-30
10,10,77655,2020-04-11
4,17,68966,2020-05-16
41,38,34158,2020-03-12
80,54,94847,2020-03-23
1,0,7470,2020-03-18
0,0,1475,2020-04-15
4,5,4736,2020-03-05
98,146,3127760,2020-03-25
4,9,60058,2020-04-21
99,0,39508,2020-04-23
2,9,13497,2020-04-12
143,336,2484148,2020-05-11
21,0,2484148,2020-05-22
8,21,94847,2020-04-03
1,3,68966,2020-03-25
34,64,708488,2020-04-29
2,0,312,2020-03-01
3,3,60058,2020-04-21
54,0,77655,2020-05-07
46,61,3127760,2020-03-06
3,17,694204,2020-05-06
0,3,191,2020-04-30
19,0,52475,2020-04-28
18,34,19170,2020-05-11
17,20,144497,2020-04-04
0,0,156,2020-03-03
1,5,4052,2020-04-26
18,45,1328359,2020-05-15
540,0,2825,2020-05-05
1,3,18123,2020-03-17
708,812,1328359,2020-04-28
58,109,694204,2020-04-20
85,0,39508,2020-03-28
58,189,2484148,2020-05-17
17,12,60058,2020-03-13
17,34,144497,2020-04-05
29,66,3127760,2020-03-26
194,177,108424,2020-03-18
64,55,91616,2020-04-04
14,13,2032861,2020-05-07
115,0,855,2020-03-06
22,32,1328359,2020-04-28
25,28,378858,2020-05-21
232,0,5083,2020-04-07
16,36,3127760,2020-03-04
23,41,834276,2020-05-25
58,112,52475,2020-04-13
0,1,11887,2020-03-01
2,5,60058,2020-05-04
0,0,223,2020-03-10
70,133,834276,2020-05-02
136,120,108424,2020-04-29
1,0,68966,2020-04-09
34,77,3127760,2020-05-09
8,5,2825,2020-03-29
31,25,52475,2020-05-16
1962,0,132,2020-03-25
0,1,41,2020-04-05
15,25,2032861,2020-05-02
17,55,2484148,2020-05-11
45,0,39508,2020-05-11
8,16,91616,2020-04-15
48,58,45459,2020-03-10
64,87,1328359,2020-05-13
5,10,68966,2020-03-26
5,22,694204,2020-04-09
1,3,60058,2020-05-25
189,285,144497,2020-05-17
19,23,45459,2020-03-30
15,0,482,2020-04-09
10,0,485512,2020-04-29
20,27,45459,2020-04-02
11,36,68093,2020-03-19
0,0,19164,2020-03-11
314,0,91616,2020-05-13
171,0,25835,2020-05-20
2,4,25835,2020-05-08
482,0,161,2020-03-18
40,50,34158,2020-03-31
106,0,378858,2020-04-09
34,34,2032861,2020-04-10
138,393,2484148,2020-04-12
21,53,2032861,2020-04-20
1314,0,708488,2020-04-16
236,401,1083476,2020-03-22
83,0,7470,2020-04-07
3,11,144497,2020-05-23
24,0,2484148,2020-05-11
33,51,3127760,2020-04-07
0,1,240,2020-03-02
46,53,2032861,2020-05-24
2,0,18680,2020-04-29
4,11,68966,2020-05-08
372,0,2484148,2020-04-04
21,25,201223,2020-05-11
6,9,1328359,2020-05-08
2,7,60058,2020-04-29
45,56,201223,2020-04-08
0,0,11,2020-03-03
3,9,68966,2020-04-19
10,15,68966,2020-04-20
2092,0,1083476,2020-04-15
8,10,39508,2020-05-09
0,3,60058,2020-05-06
20,31,293623,2020-05-11
0,0,748,2020-05-23
4,9,144497,2020-05-23
3816,0,25835,2020-05-23
4,11,68966,2020-05-06
18,35,1328359,2020-05-21
0,3,60058,2020-04-13
16,28,694204,2020-03-11
8,7,60058,2020-05-17
3,5,60058,2020-04-04
30,0,834276,2020-05-20
47,167,2484148,2020-04-19
151,180,191313,2020-03-21
1382,0,515,2020-04-04
6,10,19164,2020-03-12
49,73,3127760,2020-04-03
5,3,60058,2020-04-30
532,0,25835,2020-04-09
26,0,91616,2020-03-20
1,1,60058,2020-04-16
6,37,3127760,2020-04-07
7,8,19164,2020-04-24
9,7,13497,2020-03-30
1,0,1098,2020-03-04
723,0,39508,2020-05-13
27,38,293623,2020-04-22
705,0,6438,2020-03-17
20,0,18123,2020-03-16
385,0,1083476,2020-05-06
2,3,68966,2020-03-22
105,84,91616,2020-03-27
481,0,39508,2020-03-14
16,53,52475,2020-04-13
3,5,8651,2020-04-02
10,34,293623,2020-03-30
16,19,77655,2020-03-27
64,75,3127760,2020-04-05
38,40,91616,2020-05-11
88,127,144497,2020-04-07
4,7,86630,2020-03-10
21,0,2484148,2020-05-04
1,6,60058,2020-04-30
4,9,68966,2020-05-04
54,55,2032861,2020-03-11
942,2790,2484148,2020-04-03
97,621,708488,2020-04-06
28,0,39508,2020-05-07
4,0,18680,2020-05-13
106,95,378858,2020-03-25
2,7,68966,2020-04-08
4,0,8651,2020-05-19
5,10,68966,2020-04-23
145,0,2484148,2020-05-17
10,9,144497,2020-05-22
11,17,144497,2020-04-24
2,19,694204,2020-05-05
62,93,144497,2020-05-18
0,7,68966,2020-03-17
76,153,834276,2020-04-06
1342,0,708488,2020-03-16
23,0,7470,2020-05-14
7,21,3127760,2020-04-30
12,0,3776,2020-04-08
9,14,45459,2020-03-31
24,45,2484148,2020-03-13
1,4,68966,2020-03-02
26,47,2032861,2020-04-21
1,4,68966,2020-05-22
17,24,108424,2020-04-15
26,78,2484148,2020-05-12
60,0,378858,2020-03-04
26,29,77655,2020-05-09
222,321,1328359,2020-04-29
6,9,68966,2020-03-27
7,5,19170,2020-03-19
15,0,1083476,2020-04-27
0,1,68966,2020-04-21
10,12,60058,2020-03-20
3,0,60058,2020-05-19
0,0,1,2020-04-14
16,17,60058,2020-04-02
118,0,378858,2020-03-20
96,118,91616,2020-04-10
5,8,9530,2020-04-30
13,23,68966,2020-05-08
21,27,3127760,2020-04-14
29,36,201223,2020-04-01
12,27,694204,2020-04-29
18,103,52475,2020-04-01
23,43,694204,2020-04-24
15,0,58,2020-04-05
6,17,293623,2020-03-17
0,2,94847,2020-05-08
21,226,378858,2020-05-01
40,159,2484148,2020-04-30
2,1,60058,2020-04-21
76,277,2484148,2020-05-03
29,19,91616,2020-05-15
0,6,31,2020-03-23
2,1,945,2020-04-17
22,38,3127760,2020-05-05
41,88,3127760,2020-03-20
73,131,834276,2020-05-25
2,0,21322,2020-04-10
46,0,2484148,2020-04-17
46,0,39508,2020-05-11
66,116,3127760,2020-05-16
149,291,694204,2020-04-14
1,3,60058,2020-05-11
0,1,60058,2020-04-25
13,28,2032861,2020-04-11
33,111,2484148,2020-04-30
6,6,60058,2020-03-12
0,0,66,2020-03-08
4,7,60058,2020-03-29
0,0,65,2020-04-30
7,0,18680,2020-04-20
36,39,52475,2020-03-31
19,13,19164,2020-05-14
2,2,60058,2020-04-14
840,0,153,2020-03-04
6,8,293623,2020-05-22
2,12,68966,2020-05-04
0,1,419,2020-05-19
378,0,25835,2020-04-03
0,0,150,2020-03-09
43,56,144497,2020-03-21
0,6,932,2020-04-05
0,4,68966,2020-05-12
650,905,834276,2020-03-23
2,7,77655,2020-04-27
11,4,25835,2020-05-07
1,3,60058,2020-05-24
125,219,834276,2020-03-31
89,0,218,2020-05-19
2,2,60058,2020-05-12
16,26,2032861,2020-05-19
12,0,68093,2020-04-30
91,0,25835,2020-04-09
5,14,13497,2020-04-01
6,3,60058,2020-04-15
77,58,378858,2020-04-01
223,0,2484148,2020-04-17
1875,0,31,2020-04-08
1,1,94847,2020-03-11
264,0,25835,2020-04-27
15,9,60058,2020-04-28
38,0,52475,2020-03-18
946,0,1200,2020-03-03
206,0,91616,2020-03-12
243,422,834276,2020-05-22
0,5,13497,2020-05-09
24,20,91616,2020-04-08
65,0,378858,2020-05-12
15,31,68966,2020-04-01
7,14,98350,2020-03-01
16,12,45459,2020-03-31
56,74,834276,2020-04-16
2,4,60058,2020-05-18
0,1,1339,2020-03-09
75,223,2484148,2020-04-10
12,18,378858,2020-05-15
9,11,19164,2020-05-08
139,241,3127760,2020-03-23
32,0,39508,2020-04-30
3,8,68966,2020-05-05
5,0,7470,2020-03-30
2880,0,20541,2020-03-18
0,0,86,2020-03-01
0,0,19164,2020-04-27
223,0,2484148,2020-03-25
1,3,60058,2020-05-19
8569,0,25835,2020-03-15
13,49,21322,2020-04-10
70,88,201223,2020-05-21
11,10,68966,2020-03-29
12,20,694204,2020-04-22
21,0,2032861,2020-04-24
630,0,52475,2020-04-16
47,82,834276,2020-05-14
92,167,91616,2020-04-19
5,5,60058,2020-04-13
78,0,91616,2020-03-20
123,0,7470,2020-05-05
7,0,3031,2020-03-16
10,36,144497,2020-05-02
10,7,45459,2020-04-02
0,0,313,2020-03-10
91,0,60058,2020-04-04
44,82,293623,2020-04-03
2,5,19164,2020-03-06
0,1,52475,2020-03-05
84,122,214551,2020-05-19
24,29,2032861,2020-03-31
14,0,378858,2020-05-04
81,212,2484148,2020-05-11
5,8,68966,2020-03-28
25,32,708488,2020-05-23
3,0,4470,2020-04-10
165,143,378858,2020-05-03
5,0,52475,2020-05-08
14,34,144497,2020-05-10
106,151,52475,2020-03-10
0,0,3419,2020-03-04
3,7,94847,2020-03-11
14,34,144497,2020-05-19
2,2,60058,2020-05-19
2,2,68966,2020-03-15
163,0,2484148,2020-05-24
1,6,60058,2020-04-04
4,6,39508,2020-04-24
62,314,2484148,2020-05-09
4,12,68966,2020-03-18
15,39,694204,2020-05-05
78,71,45459,2020-03-10
19,10,60058,2020-04-04
35,27,378858,2020-05-21
76,83,1328359,2020-05-10
995,0,39508,2020-04-19
65,80,19164,2020-03-22
2,8,19164,2020-03-18
31,39,3127760,2020-03-08
1,2,45459,2020-04-07
2196,0,1083476,2020-04-06
72,120,694204,2020-04-14
0,0,2790,2020-03-01
4,3,77655,2020-04-17
16,24,293623,2020-04-07
37,91,708488,2020-04-30
15,23,52475,2020-05-16
28,0,144497,2020-04-13
1,4,68966,2020-05-06
42,117,834276,2020-04-10
4,8,68966,2020-05-07
1409,0,896,2020-04-10
3,8,68966,2020-03-22
0,0,1083476,2020-03-17
5,5,60058,2020-04-29
10,8,8651,2020-03-06
30,32,21322,2020-03-12
154,0,39508,2020-03-08
20,54,2484148,2020-05-12
10,6,60058,2020-04-13
0,0,99,2020-03-31
1129,0,91616,2020-03-12
314,0,7470,2020-03-23
29,27,694204,2020-04-20
64,55,91616,2020-04-13
33,76,834276,2020-05-08
4,6,68966,2020-04-16
29,74,2484148,2020-05-24
11,60,34158,2020-03-04
7,11,77655,2020-05-03
2,4,45459,2020-03-24
39,35,77655,2020-05-17
0,0,94847,2020-04-27
3,5,68966,2020-04-17
0,0,13910,2020-04-02
5,0,694204,2020-04-01
6,8,45459,2020-03-20
40,79,68966,2020-04-10
0,0,100,2020-03-05
37,53,45459,2020-03-25
0,2,68966,2020-05-11
46,42,694204,2020-03-24
25,35,694204,2020-04-17
5,4,68966,2020-03-22
90,103,378858,2020-04-08
2,4,60058,2020-05-20
1,2,60058,2020-05-12
2,2,39508,2020-04-28
1563,0,19164,2020-03-29
299,0,39508,2020-03-13
6,11,68966,2020-03-25
26,103,2484148,2020-05-16
4,6,45459,2020-03-27
38,0,39508,2020-04-30
29,0,694204,2020-03-23
0,2,533,2020-04-13
21,83,39508,2020-05-15
18,14,144497,2020-03-31
59,178,694204,2020-04-26
15,30,694204,2020-05-14
1,7,68966,2020-04-29
63,0,52475,2020-04-09
157,221,52475,2020-03-13
8,4,19170,2020-03-30
8,0,25835,2020-05-18
0,0,96,2020-04-16
13,11,45459,2020-03-18
0,1,60058,2020-04-21
12,11,60058,2020-04-06
2,3,60058,2020-04-21
1,4,60058,2020-04-27
33,0,1328359,2020-05-07
29,0,378858,2020-05-05
17,16,1328359,2020-05-05
14,39,19164,2020-05-09
342,512,834276,2020-04-01
67,118,1328359,2020-05-01
20,25,2032861,2020-03-23
12,19,19164,2020-05-11
542,802,834276,2020-04-03
184,0,2551,2020-04-18
0,1,77,2020-03-22
77,72,91616,2020-03-23
1,2,68966,2020-05-16
12,8,60058,2020-04-09
11,13,2032861,2020-05-06
182,0,708488,2020-04-09
2,3,60058,2020-04-21
59,167,2484148,2020-04-20
13,13,1328359,2020-05-14
1,2,60058,2020-05-10
37,29,19164,2020-04-02
13,11,144497,2020-04-08
22,22,201223,2020-04-21
2,4,108424,2020-05-07
3,8,68966,2020-03-12
4,8,68966,2020-05-21
73,105,293623,2020-04-04
60,293,286551,2020-04-06
9,7,19170,2020-05-05
1,4,18680,2020-04-09
0,4,60058,2020-05-16
27,46,834276,2020-04-02
3,3,8651,2020-03-13
20,66,3127760,2020-04-28
36,83,834276,2020-04-22
0,0,96,2020-04-16
0,1,63,2020-04-25
68,0,1083476,2020-04-16
14,12,2032861,2020-03-28
17,39,3127760,2020-04-21
115,0,7470,2020-03-30
5,13,293623,2020-05-07
6,14,68093,2020-04-26
6,9,19164,2020-04-18
660,0,52475,2020-05-04
32,0,6438,2020-03-03
3,7,68093,2020-05-13
35,29,45459,2020-03-09
5,9,68966,2020-03-27
2,2,60058,2020-04-15
44,42,2032861,2020-04-16
205,0,7180,2020-04-03
20,22,2032861,2020-05-21
6,9,13497,2020-03-31
8,25,3127760,2020-04-06
17,23,157408,2020-03-10
555,0,296,2020-04-16
28,57,52475,2020-04-02
1,2,2964,2020-03-04
7,17,52475,2020-04-30
0,3,535,2020-05-23
379,0,39508,2020-04-02
19,27,2032861,2020-05-07
2,4,18123,2020-05-21
24,0,1919,2020-04-15
14,10,19164,2020-05-25
2,0,60058,2020-03-26
47,69,45459,2020-04-20
12,14,60058,2020-04-22
8,8,378858,2020-05-22
212,0,378858,2020-03-11
5,13,108424,2020-03-06
22,40,293623,2020-03-19
25,55,91616,2020-05-09
28,33,183783,2020-05-06
3,9,68966,2020-04-07
271,657,214551,2020-04-11
39,0,2484148,2020-05-01
50,0,19164,2020-04-28
0,0,378858,2020-03-11
61,262,2484148,2020-04-30
6,0,60058,2020-04-07
47,91,694204,2020-04-01
45,0,7470,2020-03-19
69,93,91616,2020-04-05
0,0,0,2020-03-04
2,1,60058,2020-04-23
8,12,1083476,2020-03-17
217,570,2484148,2020-04-21
0,1,7178,2020-03-03
277,0,52475,2020-03-24
168,164,708488,2020-04-15
18,15,77655,2020-03-24
211,104,485512,2020-03-19
12,27,3127760,2020-05-04
2,1,9894,2020-03-11
0,0,986,2020-03-14
4,5,2192,2020-03-12
0,3,541,2020-03-16
22,24,75842,2020-04-09
2,1,94114,2020-04-02
8,14,82232,2020-03-16
0,9,3893,2020-03-09
0,2,2381,2020-03-16
4,11,1969385,2020-03-09
0,0,3414,2020-03-15
0,1,830,2020-03-16
1,2,49308,2020-03-16
15,18,69672,2020-03-24
29,52,15059,2020-03-20
1117,8244,52831,2020-03-28
0,3,3477,2020-03-14
0,0,9894,2020-03-24
9,27,24807,2020-03-24
0,0,103,2020-03-25
3,8,82232,2020-04-07
1,3,82232,2020-03-30
0,0,23822,2020-03-20
0,0,480,2020-03-09
2,2,94114,2020-04-01
1,2,4470,2020-03-14
1,2,10217,2020-03-09
0,0,30,2020-03-16
2,1,20485,2020-03-09
0,1,116,2020-03-09
0,3,21587,2020-03-09
0,0,433,2020-03-14
0,8,889,2020-03-22
0,0,164,2020-03-15
0,5,12573,2020-03-09
0,0,179,2020-03-21
0,0,27875,2020-03-20
0,4,5248,2020-03-21
0,0,12360,2020-03-14
0,0,459,2020-03-09
0,3,5054,2020-03-09
0,0,24726,2020-03-14
0,0,4083,2020-03-15
0,0,4,2020-03-13
0,5,52928,2020-03-22
0,0,244,2020-03-29
0,1,17413,2020-03-07
0,1,398,2020-03-09
0,0,3686,2020-03-14
3,3,50336,2020-03-28
13,27,82232,2020-03-12
14,29,144553,2020-03-14
0,0,5386,2020-03-09
0,0,20485,2020-03-14
0,1,6248,2020-03-17
0,1,4470,2020-03-09
0,1,3762,2020-03-11
0,0,1608,2020-03-21
2,10,45822,2020-04-02
0,0,682,2020-03-17
0,6,2970,2020-03-15
0,0,32712,2020-03-16
0,0,546,2020-03-12
0,2,32712,2020-04-07
3,2,501,2020-03-02
0,1,50,2020-03-16
16,31,1549279,2020-03-17
0,1,1431,2020-03-16
0,1,1831,2020-03-14
1,3,918,2020-03-14
15,24,122050,2020-03-17
0,0,145,2020-03-29
11,52,68192,2020-04-10
0,0,2917,2020-03-25
0,0,777,2020-03-16
1,2,3309,2020-04-03
1,2,1729,2020-03-14
0,0,9,2020-03-03
0,0,5386,2020-03-11
2,0,659,2020-03-09
0,0,97,2020-03-23
0,0,285,2020-05-23
0,0,3309,2020-04-13
1,3,8447,2020-05-21
0,2,6020,2020-05-25
0,2,66177,2020-05-21
0,0,87,2020-05-01
5,7,54829,2020-05-25
1,1,3975,2020-05-22
2,4,352844,2020-05-24
0,0,49440,2020-05-23
0,1,5189,2020-05-23
2,1,157400,2020-04-16
0,5,735,2020-05-24
6,13,645582,2020-05-25
2,4,10055,2020-05-24
0,5,209,2020-05-24
1,2,94114,2020-04-19
34,213,273442,2020-05-13
0,1,209,2020-05-25
1,0,8156,2020-04-16
0,0,50620,2020-05-22
0,0,3309,2020-05-19
8,16,68192,2020-05-25
0,2,12358,2020-04-28
13,77,1108,2020-05-21
0,0,825,2020-05-01
0,0,108,2020-05-25
0,1,5985,2020-05-25
11,17,1549279,2020-05-12
0,0,811,2020-05-25
11,21,770,2020-05-25
1,0,3309,2020-04-14
0,0,74,2020-05-25
4,11,54829,2020-05-22
11,21,2009948,2020-05-23
2,6,17528,2020-04-16
2,2,36011,2020-05-22
3,18,273442,2020-04-28
0,1,32712,2020-04-11
12,10,47777,2020-05-25
3,1,26375,2020-05-22
0,0,1432,2020-05-21
0,1,1539,2020-03-09
16,46,42635,2020-03-09
1,2,488597,2020-03-09
0,0,2243,2020-03-09
1,2,888,2020-03-14
1,0,30614,2020-03-09
0,0,400,2020-03-09
0,0,22071,2020-03-09
0,0,4025,2020-03-09
0,0,27,2020-03-09
0,0,5615,2020-03-09
3,8,2693,2020-03-09
0,2,11270,2020-03-09
0,0,119,2020-03-09
0,0,25619,2020-03-09
0,0,2669,2020-03-19
4,2,16543,2020-03-09
7,11,45822,2020-03-06
2,8,3901,2020-03-09
26,22,45822,2020-03-09
0,1,487,2020-03-09
0,0,32,2020-03-09
2,4,615,2020-03-09
10,8,45822,2020-03-03
0,0,762,2020-03-09
63,147,17528,2020-03-09
0,0,2560,2020-03-09
0,0,25,2020-03-02
2,7,732,2020-03-09
0,0,627,2020-03-09
0,1,3982,2020-03-09
0,0,386,2020-03-09
0,9,6275,2020-03-09
2,3,3380,2020-03-12
24,34,144553,2020-03-14
10,51,5746,2020-03-13
0,0,2268,2020-03-09
0,0,324,2020-03-13
1,8,2970,2020-03-15
0,1,2917,2020-03-11
0,0,237,2020-03-09
1,19,7024,2020-03-10
2,4,602,2020-03-14
17,23,15059,2020-03-09
1,0,17413,2020-03-11
31,27,45822,2020-03-11
1,2,1842,2020-03-09
0,0,1156,2020-03-10
0,0,1400,2020-03-10
1,1,136501,2020-03-09
0,0,1620,2020-03-10
6,133,426921,2020-03-10
21,23,378961,2020-03-13
0,1,115,2020-03-09
0,0,351,2020-03-09
0,0,198,2020-03-13
2,7,5032,2020-03-12
0,1,67,2020-03-11
2,6,42908,2020-03-11
5,9,327576,2020-03-12
4,9,4092,2020-03-13
13,29,122050,2020-03-09
58,187,68192,2020-03-14
0,0,267,2020-03-14
2,4,8322,2020-03-10
1,1,51516,2020-03-10
0,1,398,2020-03-12
2,1,18961,2020-03-09
55,117,68192,2020-03-11
19,31,68192,2020-03-15
1,1,15059,2020-03-12
0,1,425,2020-03-15
0,0,32448,2020-03-09
2,3,276,2020-03-10
0,1,495,2020-03-15
1,2,31,2020-03-11
0,0,20691,2020-03-12
0,0,134,2020-03-14
0,0,799,2020-03-11
0,11,401,2020-03-14
10,29,68192,2020-03-13
0,0,1513,2020-03-12
0,2,3379,2020-03-13
0,1,682,2020-03-13
0,2,531,2020-03-12
0,0,39,2020-03-09
0,0,76,2020-03-12
1,14,3886,2020-03-09
73,172,243697,2020-03-14
0,0,400,2020-03-12
160,247,2616659,2020-03-09
43,56,68192,2020-03-10
0,1,257,2020-03-12
18,17,205988,2020-03-09
2,2,10217,2020-03-09
0,0,4678,2020-03-09
0,0,85,2020-03-09
6,4,896564,2020-03-10
0,0,934,2020-03-09
0,0,1304,2020-03-14
0,0,3762,2020-03-09
28,32,219839,2020-03-12
0,9,15059,2020-03-11
1,1,15664,2020-03-11
2,14,4308,2020-03-14
2,1,28253,2020-03-09
1,3,732,2020-03-14
1,2,2904,2020-03-10
1,0,4286,2020-03-09
4,30,5052,2020-03-10
20,30,68192,2020-03-12
0,2,467,2020-03-11
1,0,62,2020-03-15
0,2,625,2020-03-13
0,0,6240,2020-03-10
0,0,1166,2020-03-09
0,21,3291,2020-03-13
1,7,533,2020-03-12
1,1,9679,2020-03-13
0,0,4441,2020-03-14
0,1,188,2020-03-11
15,14,378961,2020-03-11
5,17,55579,2020-03-16
0,5,1142,2020-03-20
5,16,78837,2020-03-18
1,2,357,2020-03-18
2,0,10210,2020-03-19
0,1,433,2020-03-22
1,3,1534,2020-03-22
0,0,209,2020-03-22
4,10,26162,2020-03-23
11,15,151486,2020-03-17
4,14,9943,2020-03-22
1,1,12847,2020-03-21
17,42,32479,2020-03-15
2,6,69347,2020-03-21
9,19,68192,2020-03-16
0,0,90,2020-03-18
0,1,4308,2020-03-22
0,1,2277,2020-03-20
38,71,293490,2020-03-16
0,0,425,2020-03-18
0,2,9894,2020-03-21
0,0,3144,2020-03-21
0,1,4528,2020-03-22
0,0,6338,2020-03-16
0,0,912,2020-03-18
0,1,791,2020-03-15
0,1,3290,2020-03-15
0,0,915,2020-03-20
0,0,915,2020-03-20
0,1,915,2020-03-20
0,0,165,2020-03-22
1,1,82,2020-03-16
0,1,8170,2020-03-22
0,1,7910,2020-03-20
0,3,69347,2020-03-18
3,7,25212,2020-03-21
15,9,45822,2020-03-19
0,0,12209,2020-03-18
0,5,160,2020-03-23
0,1,769,2020-03-19
0,1,1747,2020-03-15
0,0,6175,2020-03-19
8,13,655016,2020-03-18
0,6,37862,2020-03-21
1,3,222,2020-03-20
15,20,68192,2020-03-18
90,97,45822,2020-03-20
0,0,24965,2020-03-21
87,314,95799,2020-03-16
0,1,351,2020-03-17
0,0,915,2020-03-20
2,6,69347,2020-03-15
1,1,4097,2020-03-18
0,0,13977,2020-03-20
0,0,3294,2020-03-16
20,32,68192,2020-03-15
0,0,247,2020-03-17
2,8,151486,2020-03-21
0,0,415,2020-03-20
35,28,45822,2020-03-19
0,2,1534,2020-03-16
0,2,1660,2020-03-22
0,0,106,2020-03-17
0,1,1257,2020-03-20
0,1,511,2020-03-22
0,1,2880,2020-03-19
1,1,137119,2020-03-17
0,0,95,2020-03-18
15,39,3125223,2020-03-20
73,134,325245,2020-03-22
2,8,403,2020-03-15
3,11,69347,2020-03-16
0,0,69,2020-03-15
18,21,82232,2020-03-16
0,0,2990,2020-03-17
1,2,2139,2020-03-18
0,0,514,2020-03-16
0,3,173,2020-03-15
0,0,21,2020-03-16
3,4,4439,2020-03-18
2,4,160,2020-03-16
0,1,7900,2020-03-16
0,0,3428,2020-03-18
0,1,233,2020-03-22
0,1,268,2020-03-16
8,4,19171,2020-03-19
33,125,68192,2020-03-22
0,4,1706,2020-03-18
14,23,124723,2020-03-17
0,0,1517,2020-03-19
0,0,1298,2020-03-17
0,1,2083,2020-03-24
0,0,819,2020-03-24
0,0,559,2020-03-24
1,9,16513,2020-03-24
0,0,132,2020-03-24
0,14,2826,2020-03-24
0,0,2124,2020-03-25
0,1,1614,2020-03-24
0,1,449,2020-03-24
2,5,9222,2020-03-23
0,0,272,2020-03-27
1,1,598,2020-03-24
0,0,446,2020-03-23
0,0,148,2020-03-26
5,6,2414191,2020-03-25
0,1,1235,2020-03-29
0,1,4257,2020-03-24
2,3,78924,2020-03-24
0,0,652,2020-03-24
0,0,1983,2020-03-24
7,12,988,2020-03-26
0,1,401,2020-03-31
0,1,891,2020-03-24
0,0,3538,2020-03-24
0,0,75,2020-03-23
0,0,3762,2020-03-27
0,0,5699,2020-03-25
1,3,226,2020-03-24
1,0,266,2020-04-01
0,0,1475,2020-03-27
107,126,45822,2020-03-23
0,3,107,2020-03-27
0,0,224,2020-03-24
1,3,13372,2020-03-24
0,0,9476,2020-03-27
0,0,5,2020-03-28
0,0,98,2020-03-25
0,1,757,2020-03-24
0,0,224,2020-03-24
1,1,411,2020-03-24
1,0,37,2020-03-25
0,0,4529,2020-03-24
2,4,3742,2020-03-26
0,0,1334,2020-03-24
0,0,15,2020-03-27
2,9,7654,2020-03-24
5,9,69347,2020-03-31
1,0,37,2020-03-24
0,4,988,2020-03-26
0,1,278,2020-03-25
0,1,2280,2020-03-24
0,1,135,2020-03-23
0,2,3302,2020-03-24
0,0,314,2020-03-25
0,0,8,2020-03-25
6,4,45822,2020-03-24
0,1,1164,2020-03-24
0,0,1067,2020-03-28
0,3,2602,2020-03-24
0,1,43,2020-03-24
0,1,491,2020-03-24
9,10,233081,2020-03-23
0,1,139,2020-03-24
0,0,173,2020-03-24
0,1,528,2020-03-29
0,3,2024,2020-03-24
41,168,1101,2020-03-27
0,8,25852,2020-03-25
0,2,4106,2020-03-24
0,0,159,2020-03-24
9,15,69347,2020-03-27
0,1,784,2020-03-24
0,0,63,2020-03-24
0,2,10403,2020-03-24
0,0,483,2020-03-24
41,59,68192,2020-03-23
0,0,4509,2020-03-30
0,6,67,2020-03-24
3,13,4264,2020-03-23
0,0,631,2020-03-28
0,0,1041,2020-03-28
0,1,528,2020-03-29
0,0,581,2020-03-24
9,13,69347,2020-03-24
1,7,25212,2020-03-23
3,8,4264,2020-03-29
0,0,514,2020-03-27
2,4,136501,2020-03-24
0,0,777,2020-03-23
8,11,233081,2020-03-28
0,1,587,2020-03-24
0,1,786,2020-03-24
0,0,1250,2020-03-24
0,0,899,2020-03-25
0,2,68,2020-03-27
0,0,123,2020-05-13
0,1,327419,2020-05-22
0,0,123,2020-05-10
0,0,1793,2020-04-06
0,0,17,2020-04-21
0,0,514,2020-04-08
7,20,20981,2020-04-05
0,0,17,2020-04-21
1,1,48192,2020-04-25
3,8,69347,2020-04-25
2,3,15059,2020-04-16
1,1,2236,2020-04-05
0,0,123,2020-05-22
0,0,934,2020-05-21
0,0,8237,2020-05-22
5,6,24726,2020-04-09
0,0,1079,2020-05-20
4,4,94114,2020-04-19
0,0,123,2020-05-08
1,4,136501,2020-05-22
0,0,123,2020-05-22
0,0,123,2020-05-20
0,0,123,2020-05-22
0,1,510,2020-05-21
0,1,2015,2020-04-07
19,68,68192,2020-04-06
6,17,69347,2020-04-15
1,3,514,2020-04-23
23,45,68192,2020-04-18
5,7,325782,2020-05-20
356,1169,68192,2020-04-02
0,0,16243,2020-05-21
0,0,247,2020-04-10
0,0,2423,2020-04-06
25,50,68192,2020-04-07
0,1,1793,2020-04-02
0,0,3309,2020-04-13
0,1,9,2020-04-23
4,3,3171,2020-04-22
0,1,606,2020-04-07
0,0,400,2020-04-23
21,38,68192,2020-04-15
2,1,14655,2020-04-12
1,0,165,2020-04-24
0,0,880,2020-05-21
0,0,123,2020-05-22
9,16,68192,2020-04-10
0,2,3309,2020-04-07
0,0,3309,2020-05-01
0,1,0,2020-05-22
2,3,14655,2020-04-04
0,0,180,2020-05-08
0,1,800,2020-05-21
26,37,293490,2020-04-19
0,1,433,2020-05-09
0,0,123,2020-05-08
4,16,144553,2020-04-02
4,5,14655,2020-04-16
0,2,292,2020-05-04
0,0,7497,2020-05-04
0,0,123,2020-05-21
5,6,122050,2020-05-13
2,5,4264,2020-04-14
3,4,2538,2020-04-02
68,193,293490,2020-04-21
8,6,45822,2020-04-01
4,3,94114,2020-04-19
27,37,144553,2020-04-03
7,14,69347,2020-04-11
2,2,5976,2020-05-22
9,39,68192,2020-04-06
0,0,3309,2020-04-16
1,2,3309,2020-04-09
1,0,1,2020-05-22
0,1,775,2020-05-22
0,2,322729,2020-05-21
0,0,123,2020-05-22
0,0,489,2020-05-06
0,0,514,2020-05-01
0,1,601,2020-04-13
11,42,20981,2020-04-02
7,2,45822,2020-04-14
0,0,809,2020-04-15
1,1,2917,2020-04-16
2,2,24,2020-05-22
0,0,17,2020-05-12
21,24,68192,2020-05-20
1,1,3171,2020-04-22
1,0,9868,2020-04-03
0,0,514,2020-04-07
0,0,296,2020-04-06
1,0,6338,2020-05-06
1,0,25583,2020-04-03
0,0,123,2020-05-11
0,0,631,2020-04-03
0,0,123,2020-05-12
0,1,6338,2020-05-22
0,14,3584,2020-05-24
0,0,123,2020-05-25
0,0,123,2020-05-22
2,4,76427,2020-05-24
0,1,1154,2020-05-23
7,23,20981,2020-05-22
0,0,123,2020-05-24
0,1,1389,2020-05-24
0,0,6,2020-05-23
1,0,76,2020-05-25
1,3,117,2020-05-25
1,2,1307,2020-05-24
2,5,251492,2020-05-23
0,0,181,2020-05-25
0,0,290,2020-05-22
0,0,87,2020-05-23
11,17,3442560,2020-05-23
0,0,123,2020-05-25
0,0,309,2020-05-24
0,0,1570,2020-05-23
0,0,32,2020-05-23
0,0,727,2020-05-25
0,0,127,2020-05-23
1,1,2646,2020-05-25
1,0,12392,2020-05-23
0,0,123,2020-05-24
0,0,1784,2020-05-23
0,1,12358,2020-05-24
0,0,123,2020-05-24
1,2,14655,2020-05-22
0,0,123,2020-05-24
0,0,64,2020-05-25
0,0,123,2020-05-23
0,1,538,2020-05-25
1,0,19024,2020-05-25
0,0,765,2020-05-24
0,3,592,2020-05-24
0,2,433,2020-05-23
0,0,3,2020-05-24
1,2,2741,2020-05-25
1,2,1964,2020-05-23
0,0,123,2020-05-23
0,0,123,2020-05-22
0,0,1238,2020-05-25
0,0,1465,2020-05-23
0,0,123,2020-05-23
0,0,9,2020-05-25
111019,312490,342096,2020-03-23
607,1581,12309,2020-03-20
21376,244753,5635,2020-03-19
302,702,1327039,2020-03-23
3543,13237,558886,2020-03-23
6111,15585,9568,2020-03-21
55307,257753,2201,2020-03-23
22686,160495,13182,2020-03-23
25981,148164,2652,2020-03-19
1589,3173,170519,2020-03-20
1772,5976,214718,2020-03-19
57018,232942,10734,2020-03-22
1597,1640,38260,2020-03-24
584,3822,110176,2020-03-21
97804,395041,42539,2020-03-19
19322,60741,578974,2020-03-23
2296,6900,145031,2020-03-22
108255,391914,12414,2020-03-19
56695,344746,20278,2020-03-19
533,1611,92746,2020-03-21
20940,30497,4877,2020-03-20
1354,2509,549567,2020-03-24
774,2493,5693234,2020-03-24
945,1000,458042,2020-03-23
1105,1580,429065,2020-03-21
62249,205103,6292,2020-03-23
2123,4101,3703395,2020-03-23
129761,480630,23264,2020-03-19
686,2513,284797,2020-03-20
811,3180,982795,2020-03-20
1248,3711,193363,2020-03-24
66800,135161,28035,2020-03-21
22058,51038,213971,2020-03-24
592,938,830660,2020-03-24
71703,366852,16510,2020-03-20
933,2422,1751,2020-03-22
387,1725,87889,2020-03-20
862,2514,714651,2020-03-21
38138,172457,957,2020-03-19
93555,303841,6636,2020-03-19
83382,184492,31772,2020-03-21
786,2166,222194,2020-03-20
664,2262,144123,2020-03-24
1537,2517,93104,2020-03-23
3048,6127,36111,2020-03-20
31365,72422,4899,2020-03-20
1490,2470,115154,2020-03-23
1353,5637,5693234,2020-03-23
561,1010,216318,2020-03-23
31580,73543,48048,2020-03-20
31075,158323,73106,2020-03-21
938,1009,7090,2020-03-21
5895,20150,5540,2020-03-20
22180,163873,320,2020-03-20
952,1202,216318,2020-03-22
916,3298,298820,2020-03-24
4277,11598,89696,2020-03-24
46310,238937,803,2020-03-20
1364,2095,2750275,2020-03-20
23091,95489,162668,2020-03-23
1166,2299,907489,2020-03-20
57249,159865,17518,2020-03-21
70812,296789,9066,2020-03-21
480,800,3447694,2020-03-20
4994,8136,2750275,2020-03-23
80544,263153,3213,2020-03-21
47073,121258,21566,2020-03-20
776,1113,266227,2020-03-23
310,895,426612,2020-03-22
3292,8308,723254,2020-03-21
706,1551,216318,2020-03-24
45713,284792,3812,2020-03-19
3177,13558,268505,2020-03-22
43067,68572,2750275,2020-03-21
9118,22451,262212,2020-03-20
2822,9222,54136,2020-03-23
116724,419296,32226,2020-03-21
37715,102238,1773,2020-03-19
118587,676457,2642,2020-03-22
1512,3982,173987,2020-03-23
865,2873,1010554,2020-03-22
14796,50601,166679,2020-03-04
11280,6947,368,2020-03-06
5543,5625,338328,2020-03-06
2148,25746,2565437,2020-03-05
3983,14681,40587,2020-03-04
19479,19297,326449,2020-03-05
1885,3783,89425,2020-03-06
12650,90440,4423,2020-03-05
160,214,109511,2020-03-24
1689,1876,160105,2020-03-05
91,63,34832,2020-03-21
722,342,35621,2020-03-24
5358,13108,117114,2020-03-04
3110,1964,51366,2020-03-06
226,178,13095,2020-03-24
1923,3272,313092,2020-03-06
3068,7160,15131,2020-03-06
57990,212545,8147,2020-03-05
125,376,2734745,2020-03-22
5574,12331,1234096,2020-03-06
5251,16228,2409087,2020-03-06
2154,3657,326449,2020-03-05
16701,79123,2581414,2020-03-03
282,981,5693234,2020-03-22
533,1534,250065,2020-03-22
7635,26578,6007318,2020-03-03
1533,6598,1541620,2020-03-06
1012,1337,6649,2020-03-06
6091,6986,5684,2020-03-05
2708,6621,2940443,2020-03-04
4331,8439,6890705,2020-03-04
9214,41556,21665,2020-03-09
887,2569,34070,2020-03-05
6306,16880,1634337,2020-03-06
2355,2119,11778,2020-03-03
4375,21346,38231,2020-03-05
155,593,143576,2020-03-06
245,482,592831,2020-03-06
87184,380455,27899,2020-03-06
15172,35154,3749,2020-03-04
1541,4812,4732,2020-03-06
10432,27945,1634337,2020-03-03
3474,5746,124123,2020-03-06
9101,32163,91735,2020-03-09
8718,22888,1634337,2020-03-06
10343,41429,9327,2020-03-10
9854,9233,215,2020-03-11
970,2299,1634337,2020-03-06
9499,45313,14535286,2020-03-06
2735,5747,639257,2020-03-04
2145,2730,326449,2020-03-05
12026,14773,48021,2020-03-10
11538,37458,678870,2020-03-05
1993,5127,1634337,2020-03-06
1748,3543,326449,2020-03-06
4964,12619,29897,2020-03-03
5933,15499,1061101,2020-03-09
169,172,52531,2020-03-06
9877,40709,25831,2020-03-04
198,816,63934,2020-03-06
113601,300467,7231,2020-03-03
5038,11801,1314236,2020-03-05
266,910,3345775,2020-03-22
232,154,224382,2020-03-20
9320,15636,39115,2020-03-09
3214,4318,273458,2020-03-05
6892,15129,1634337,2020-03-06
4797,11441,1634337,2020-03-06
178,344,49397,2020-03-06
9938,34961,381089,2020-03-10
10409,21756,211732,2020-03-10
2119,4860,20525,2020-03-06
10611,21341,1366,2020-03-02
3578,5351,4292976,2020-03-04
13,8,24532,2020-03-20
166,296,45360,2020-03-22
662,1037,184446,2020-03-05
9180,31225,298618,2020-03-06
3277,33482,1749739,2020-03-08
3237,3901,127404,2020-03-09
6653,8261,62996,2020-03-10
119,166,61237,2020-03-06
5648,45466,2409087,2020-03-09
2776,5649,82933,2020-03-09
5988,29918,216,2020-03-09
2986,4322,62159,2020-03-10
2546,5361,89425,2020-03-09
4705,8808,7421459,2020-03-10
4736,13975,4954,2020-03-07
2762,2670,8920,2020-03-08
3190,10953,55053,2020-03-09
2754,6493,28679,2020-03-08
4712,8749,429065,2020-03-10
1801,5784,230834,2020-03-09
8065,101253,187326,2020-03-10
2363,5002,4772499,2020-03-10
2846,6843,112346,2020-03-09
2169,5108,7421459,2020-03-09
8192,66413,129301,2020-03-07
4804,11627,10555745,2020-03-09
2981,4018,153,2020-03-11
8765,12939,21109,2020-03-10
88,161,87741,2020-03-06
243,743,499063,2020-03-05
2461,3970,126746,2020-03-08
138,352,1011,2020-03-06
7687,15152,209577,2020-03-07
2811,16109,11183,2020-03-11
8853,21243,472777,2020-03-08
3561,14898,272835,2020-03-09
6507,27420,22258,2020-03-10
6482,19690,45783,2020-03-10
2726,6260,53423,2020-03-10
5248,30783,343,2020-03-10
4583,3844,304,2020-03-10
2739,3630,326449,2020-03-09
5835,24161,42253,2020-03-10
2102,7396,1634337,2020-03-10
4474,16929,2398430,2020-03-10
2901,2664,31091,2020-03-10
6750,27726,21665,2020-03-07
2797,2557,29897,2020-03-10
8971,39780,2409087,2020-03-09
2382,4763,23299,2020-03-09
6856,15461,1634337,2020-03-11
4851,18438,2240778,2020-03-08
5610,28804,1707696,2020-03-08
1778,5372,952579,2020-03-10
7307,27071,1634337,2020-03-09
2401,1875,12455,2020-03-09
7048,29215,13887,2020-03-09
2142,5500,8733360,2020-03-03
98,221,247906,2020-03-06
3132,8436,5082347,2020-03-09
2045,3771,341693,2020-03-11
2606,5688,82933,2020-03-10
2806,7864,1634337,2020-03-11
3060,4076,7421459,2020-03-10
203,366,111153,2020-03-05
4017,7273,40888,2020-03-08
7191,10570,86,2020-03-07
3903,5639,872,2020-03-10
2966,9028,1634337,2020-03-09
88,84,52531,2020-03-06
4918,10019,359878,2020-03-10
5998,15724,1634337,2020-03-08
4489,9349,7421459,2020-03-09
13018,17369,12507491,2020-03-06
4590,10390,7421459,2020-03-09
5569,12554,1634337,2020-03-08
2505,3720,1338,2020-03-09
2052,7308,116308,2020-03-09
6401,7571,45139,2020-03-08
8542,77510,45242,2020-03-10
4893,20868,3376,2020-03-10
2677,19950,2565437,2020-03-10
