date,replies_count,retweets_count,likes_count
2020-05-07,25,76,336
2020-05-01,79,606,3317
2020-04-21,6,15,66
2020-04-20,0,8,12
2020-04-17,6,22,64
2020-04-16,3,6,89
2020-04-15,0,5,19
2020-04-14,71,118,2124
2020-04-14,57,6,143
2020-04-09,18,78,576
2020-04-07,1,0,0
2020-04-04,4,19,53
2020-04-01,43,224,816
2020-03-26,0,6,12
2020-03-26,3,23,252
2020-03-24,3,14,89
2020-03-22,43,393,1859
2020-03-16,9,19,362
2020-03-13,24,142,1037
2020-03-09,148,205,3185
2020-05-23,7155,848,4498
2020-05-22,1872,464,2177
2020-05-21,2824,1394,15995
2020-05-21,1319,803,4889
2020-05-15,1212,895,7197
2020-05-14,3947,2687,30751
2020-05-12,926,655,3658
2020-05-10,60,151,564
2020-05-10,155,146,637
2020-05-10,50,105,539
2020-05-10,60,97,429
2020-05-10,70,107,492
2020-05-10,1922,1184,4386
2020-05-10,1572,926,4565
2020-05-10,3222,2613,10127
2020-05-10,22720,5918,21893
2020-05-08,568,454,4390
2020-05-08,1751,1991,13997
2020-05-07,1864,1730,19247
2020-05-07,2186,1432,10153
2020-05-07,2703,1481,16536
2020-05-06,1415,747,6225
2020-05-06,2804,1733,17911
2020-05-05,2827,2729,23665
2020-05-04,1307,1538,11869
2020-05-04,763,919,8557
2020-05-03,151,261,2788
2020-05-02,945,1125,9264
2020-05-01,3061,5073,42073
2020-04-30,2359,2694,32152
2020-04-28,1172,1182,8134
2020-04-28,4313,3533,38901
2020-04-27,2481,3576,24045
2020-04-12,26965,53847,245653
2020-04-06,26708,15330,165746
2020-04-05,3684,3097,29406
2020-04-05,1527,2017,14140
2020-04-05,4004,8493,62421
2020-04-03,752,1296,5373
2020-04-03,4639,6672,32710
2020-04-03,873,2610,19281
2020-04-02,3104,4060,37378
2020-04-02,1237,1459,6646
2020-04-02,2780,4528,18420
2020-04-01,5949,4274,23843
2020-04-01,3486,2565,22427
2020-03-31,472,833,7035
2020-03-31,2901,2727,20775
2020-03-30,865,1760,16042
2020-03-30,1800,1895,20111
2020-03-29,4564,5246,35623
2020-03-28,3060,3324,26632
2020-03-27,53572,118049,350695
2020-03-26,8866,20118,136234
2020-03-26,1026,1711,10577
2020-03-25,2223,2963,20703
2020-03-25,783,1160,4056
2020-03-25,412,1252,3173
2020-03-25,465,954,4449
2020-03-24,1990,4590,34958
2020-03-24,1005,970,8608
2020-03-24,1150,1415,8084
2020-03-23,7213,14351,53285
2020-03-23,824,2141,8630
2020-03-23,4637,11124,40637
2020-03-22,3580,6880,23445
2020-03-22,1926,10974,13566
2020-03-22,5800,10254,38765
2020-03-22,892,1959,6883
2020-03-21,1442,3992,16689
2020-03-21,496,1728,8918
2020-03-21,3803,5301,14032
2020-03-20,3040,11451,37537
2020-03-20,655,1844,8455
2020-03-20,725,1101,6176
2020-03-20,775,1176,6677
2020-03-19,1591,1568,10387
2020-03-19,5098,7389,76024
2020-03-19,1932,1445,9248
2020-03-18,245,524,1266
2020-03-18,2800,1830,9552
2020-03-18,1372,1136,6301
2020-03-17,1844,1485,9513
2020-03-17,397,604,1379
2020-03-17,822,720,1780
2020-03-16,1906,1710,5985
2020-03-13,2160,2457,6516
2020-03-13,6379,2512,13057
2020-03-12,1210,1623,4163
2020-03-11,563,350,1212
2020-03-11,1553,2519,6959
2020-03-02,1217,828,3512
2020-03-01,1363,1365,8065
2020-03-27,3185,2633,7244
2020-03-24,2064,2204,6987
2020-03-10,4082,2199,11787
2020-05-25,237,1616,4832
2020-05-25,1392,5412,20160
2020-05-24,204,3384,5279
2020-05-24,602,3616,16451
2020-05-24,706,7816,16533
2020-05-23,244,2431,6593
2020-05-22,141,1280,2740
2020-05-22,509,2419,7045
2020-05-22,639,4032,12732
2020-05-21,307,3039,6684
2020-05-21,576,3985,15826
2020-05-21,1042,3548,10388
2020-05-20,3370,2276,3092
2020-05-20,204,1906,3882
2020-05-19,689,8623,31527
2020-05-19,1295,13219,33535
2020-05-19,131,710,1821
2020-05-17,355,1778,6067
2020-05-17,338,2379,6650
2020-05-17,530,4388,17678
2020-05-15,2518,6076,15992
2020-05-15,299,4783,10208
2020-05-15,1605,9065,30403
2020-05-14,528,4345,21090
2020-05-14,538,1426,3772
2020-05-14,1093,8441,17384
2020-05-14,254,3333,7733
2020-05-14,2281,12782,39507
2020-05-13,222,1227,3778
2020-05-12,411,8630,19903
2020-05-12,675,7958,12797
2020-05-12,1027,4916,8169
2020-05-11,710,3666,10198
2020-05-11,356,3283,9499
2020-05-10,3038,12339,62080
2020-05-10,56,322,655
2020-05-10,502,3138,11282
2020-05-09,1693,9010,21032
2020-05-08,303,3214,6514
2020-05-07,439,3205,8164
2020-05-07,414,3516,10641
2020-05-07,320,1066,3303
2020-05-07,422,5973,13963
2020-05-07,622,4575,13724
2020-05-06,250,1318,3496
2020-05-06,180,1709,4139
2020-05-05,151,1278,3197
2020-05-05,621,1988,4983
2020-05-04,1252,9856,32914
2020-05-03,110,407,1107
2020-05-03,235,1601,6296
2020-05-03,272,2390,5282
2020-05-03,793,1415,3915
2020-05-02,204,1747,3442
2020-05-02,545,5581,15106
2020-05-01,224,3606,7747
2020-04-30,110,808,1904
2020-04-30,510,3610,12180
2020-04-30,266,2395,5056
2020-04-30,166,2438,4173
2020-04-30,137,1188,2914
2020-04-29,285,3273,9529
2020-04-28,268,1796,5237
2020-04-28,248,779,1803
2020-04-27,572,9871,17206
2020-04-27,406,2466,7029
2020-04-27,62,482,1258
2020-04-27,808,8908,16317
2020-04-27,1422,4806,13159
2020-04-27,660,7808,20257
2020-04-27,141,861,2509
2020-04-26,647,5684,15614
2020-04-25,433,9762,17709
2020-04-25,177,1134,2917
2020-04-25,677,7757,22162
2020-04-24,201,1221,3314
2020-04-24,931,6117,17925
2020-04-24,1659,11257,21203
2020-04-23,2328,13739,28042
2020-04-23,226,2397,7244
2020-04-23,733,5311,14620
2020-04-22,492,2209,8435
2020-04-22,429,9558,21326
2020-04-22,627,5216,12130
2020-04-22,572,3822,9216
2020-04-20,426,2096,6366
2020-04-20,346,5393,10091
2020-04-20,213,1754,4287
2020-04-19,3211,4357,11103
2020-04-18,654,5695,17369
2020-04-18,46,294,1220
2020-04-17,198,716,1655
2020-04-17,2262,6905,22319
2020-04-17,360,2885,6857
2020-04-17,2635,6866,32464
2020-04-16,245,2015,5902
2020-04-15,818,17108,25141
2020-04-15,372,1672,3934
2020-04-15,203,1254,3569
2020-04-15,399,5705,13042
2020-04-15,294,3341,8997
2020-04-14,250,3603,5442
2020-04-14,271,2816,7092
2020-04-14,1692,9684,23469
2020-04-14,238,1579,3631
2020-04-13,834,7762,18411
2020-04-13,477,6841,18434
2020-04-12,1191,4906,16711
2020-04-12,3054,9660,15852
2020-04-10,1599,5290,19627
2020-04-10,528,3399,12905
2020-04-10,1969,13514,45145
2020-04-09,1312,7279,16974
2020-04-09,938,6551,16211
2020-04-08,257,2951,9426
2020-04-07,637,10927,24892
2020-04-07,162,544,1498
2020-04-07,165,816,2699
2020-04-07,289,3503,7778
2020-04-06,958,8113,21185
2020-04-06,289,1508,5084
2020-04-06,192,2156,5818
2020-04-06,642,9318,17883
2020-04-05,746,5033,15530
2020-04-04,329,2830,10788
2020-04-04,595,3528,9620
2020-04-04,1790,10654,24040
2020-04-03,644,5084,11291
2020-04-03,483,4757,20398
2020-04-03,376,4230,12190
2020-04-03,1448,2720,8741
2020-04-02,2642,16133,48909
2020-04-01,559,1213,4588
2020-04-01,136,210,669
2020-04-01,3683,7553,26563
2020-04-01,709,4880,10171
2020-04-01,1712,14891,35787
2020-04-01,475,3532,7796
2020-03-31,923,4541,11462
2020-03-31,1895,10602,32229
2020-03-30,1324,4153,13782
2020-03-30,152,717,2437
2020-03-30,1290,2175,4757
2020-03-30,1028,14924,30861
2020-03-30,407,3308,6228
2020-03-30,715,3735,8718
2020-03-30,149,823,1600
2020-03-30,598,4619,8121
2020-03-30,440,2560,5847
2020-03-30,2596,13701,45858
2020-03-29,493,1847,5918
2020-03-29,486,3109,7467
2020-03-29,1743,5467,19694
2020-03-29,413,2805,11119
2020-03-28,374,1834,6140
2020-03-27,1198,4824,17315
2020-03-27,487,3305,8718
2020-03-26,2157,26637,64663
2020-03-26,790,2337,5325
2020-03-25,336,2354,4771
2020-03-25,289,1778,3724
2020-03-25,248,1380,3238
2020-03-25,1376,6666,18234
2020-03-25,142,1427,2693
2020-03-25,2978,10424,21434
2020-03-24,1310,9660,20400
2020-03-24,1722,9943,26698
2020-03-24,1007,8168,20392
2020-03-23,130,1325,3071
2020-03-23,118,671,1659
2020-03-22,41,473,1409
2020-03-22,1087,6561,21303
2020-03-21,1001,8791,26654
2020-03-20,71,632,1436
2020-03-20,3090,4094,18703
2020-03-20,1425,12327,28016
2020-03-19,7879,11690,34607
2020-03-19,199,1564,4052
2020-03-19,1514,18490,51098
2020-03-18,1542,20261,45206
2020-03-18,389,1547,4592
2020-03-18,2289,3531,11123
2020-03-18,274,1498,4602
2020-03-17,1491,8317,28804
2020-03-17,86,1115,3627
2020-03-17,488,4031,14369
2020-03-17,788,4827,13501
2020-03-17,1156,9608,25680
2020-03-17,1648,10122,38571
2020-03-16,1653,4658,15996
2020-03-16,666,4412,16787
2020-03-16,2940,8594,31664
2020-03-16,208,1389,3668
2020-03-16,75,329,912
2020-03-16,1657,11463,44278
2020-03-16,637,3312,12422
2020-03-15,1851,8874,36762
2020-03-15,224,2317,5981
2020-03-15,2567,13978,57934
2020-03-15,1152,13642,37581
2020-03-15,192,2442,7924
2020-03-15,219,1804,6173
2020-03-14,576,5872,17220
2020-03-14,255,2788,7237
2020-03-13,1081,10365,30908
2020-03-13,616,6202,18600
2020-03-13,1005,17559,32417
2020-03-13,642,4826,13597
2020-03-12,688,12594,20775
2020-03-12,3775,16594,51579
2020-03-12,976,4935,13911
2020-03-12,918,9041,28330
2020-03-12,317,3695,10192
2020-03-12,2449,21713,45397
2020-03-12,279,2046,5684
2020-03-11,1779,18534,46432
2020-03-11,331,6722,10062
2020-03-11,256,1056,3006
2020-03-11,1452,8984,25782
2020-03-10,1489,9429,26609
2020-03-10,6017,8572,26434
2020-03-09,941,5717,18332
2020-03-09,351,2075,6231
2020-03-09,619,6697,17241
2020-03-09,393,1943,6473
2020-03-08,3511,14174,50049
2020-03-08,1522,8052,24829
2020-03-06,516,4866,17560
2020-03-06,197,3849,10220
2020-03-05,188,3154,6349
2020-03-04,1217,1952,4652
2020-03-04,217,1051,3623
2020-03-03,602,5470,8672
2020-03-03,1638,10969,37058
2020-03-03,348,4959,10684
2020-03-02,76,194,847
2020-03-02,1471,4599,10440
2020-03-02,664,11535,23611
2020-03-01,460,3053,10090
2020-03-01,1155,6762,17916
2020-03-01,1764,18023,44130
2020-04-28,2,1,2
2020-04-28,13,2,11
2020-04-28,0,0,0
2020-04-28,1,0,2
2020-04-28,10,0,12
2020-04-28,1,0,0
2020-04-28,3,0,4
2020-04-28,0,1,3
2020-04-28,3,1,7
2020-04-28,1,0,1
2020-04-28,8,0,14
2020-04-28,0,0,1
2020-04-28,2,0,4
2020-04-28,4,0,1
2020-04-28,18,1,10
2020-04-28,0,0,0
2020-04-28,2,0,0
2020-04-28,1,0,0
2020-04-28,2,0,1
2020-04-28,0,0,0
2020-04-28,5,0,0
2020-04-28,0,0,0
2020-04-28,1,0,0
2020-04-28,2,0,0
2020-04-28,1,0,4
2020-04-28,2,0,1
2020-04-28,9,0,8
2020-04-28,3,0,1
2020-04-28,14,0,7
2020-04-28,0,0,1
2020-04-28,2,0,6
2020-04-28,1,0,2
2020-04-28,10,0,7
2020-04-28,3,0,0
2020-04-28,3,0,1
2020-04-28,0,0,0
2020-04-28,1,0,0
2020-04-28,1,0,0
2020-04-28,1,0,0
2020-04-28,0,0,0
2020-04-28,1,0,0
2020-04-28,1,0,0
2020-04-28,2,0,0
2020-04-28,0,0,1
2020-04-28,5,0,8
2020-04-28,2,0,5
2020-04-28,11,6,28
2020-04-28,1,0,2
2020-04-28,0,0,1
2020-04-28,0,0,6
2020-04-28,1,0,0
2020-04-28,8,5,39
2020-04-28,2,1,9
2020-04-28,77,5,52
2020-04-28,0,0,0
2020-04-28,1,1,0
2020-04-28,74,23,105
2020-04-09,40,210,598
2020-03-19,112,497,1519
2020-05-18,4690,4251,16377
2020-05-17,3045,1617,8500
2020-05-16,5012,13281,61644
2020-03-31,2122,1486,9843
2020-03-23,10,3,11
2020-03-17,1913,4901,25496
2020-03-13,2397,5002,25897
2020-03-03,11140,12513,42918
2020-05-24,1010,1326,7655
2020-05-19,1157,1192,8266
2020-05-18,743,1064,7802
2020-05-17,1328,2008,10481
2020-05-15,654,634,3474
2020-05-14,457,336,2300
2020-05-11,605,415,2939
2020-05-08,181,160,1441
2020-05-08,1003,1457,12146
2020-05-07,4478,2990,19651
2020-05-03,7591,4355,36650
2020-04-29,1078,1498,8775
2020-04-29,296,214,1453
2020-04-28,393,466,3539
2020-04-28,4537,1504,9474
2020-04-27,1987,2553,13393
2020-04-26,654,446,3061
2020-04-24,2956,1449,8207
2020-04-24,392,375,2690
2020-04-23,2160,2289,9830
2020-04-23,3056,3991,29864
2020-04-22,1438,861,10347
2020-04-22,8213,3505,23266
2020-04-21,431,519,3472
2020-04-21,10599,5038,19563
2020-04-19,10098,2235,17060
2020-04-17,1397,1231,7008
2020-04-17,148,197,1853
2020-04-17,436,411,3361
2020-04-16,2547,1581,9062
2020-04-13,653,584,4342
2020-04-12,693,610,6782
2020-04-12,2533,2308,24773
2020-04-12,505,788,6031
2020-04-12,967,1585,15266
2020-04-12,441,471,3340
2020-04-08,851,607,4177
2020-04-07,1630,2130,12237
2020-04-06,765,600,4257
2020-04-05,6099,6891,60930
2020-04-02,1406,753,4662
2020-04-01,661,451,2569
2020-04-01,1402,1457,12068
2020-04-01,751,654,4532
2020-03-30,2318,6820,40990
2020-03-30,4427,3499,21596
2020-03-30,952,826,4367
2020-03-30,4182,4214,31320
2020-03-30,2452,2589,18098
2020-03-29,985,1085,5132
2020-03-29,1659,3176,18839
2020-03-27,6625,4704,31368
2020-03-27,2409,2725,21039
2020-03-27,1540,2054,10423
2020-03-27,464,1236,6966
2020-03-26,581,562,2911
2020-03-25,259,305,1573
2020-03-25,1348,3359,16535
2020-03-19,761,1886,12368
2020-03-19,4,18,70
2020-03-19,449,647,5065
2020-03-18,1305,5657,26088
2020-03-18,2570,4830,28435
2020-03-18,541,775,3367
2020-03-16,771,1123,4889
2020-03-16,968,1068,9214
2020-03-15,5327,7729,64193
2020-03-15,1881,5363,37322
2020-03-14,994,2259,15657
2020-03-14,2074,2737,16508
2020-03-12,1502,738,3639
2020-03-12,1852,2320,13058
2020-03-11,3241,5114,37669
2020-03-10,3083,1109,5033
2020-03-02,6670,3165,23026
2020-05-24,9,10,197
2020-05-24,0,0,6
2020-05-22,2,7,52
2020-05-20,3,0,30
2020-05-20,12,37,275
2020-05-20,1,0,3
2020-05-20,0,0,0
2020-05-20,8,4,78
2020-05-20,48,18,238
2020-05-15,53,24,41
2020-05-14,12,27,189
2020-05-14,41,203,1433
2020-05-14,4,12,167
2020-05-14,4,10,160
2020-05-14,2,22,127
2020-05-14,3,16,420
2020-05-14,28,114,941
2020-05-12,10,11,111
2020-05-12,3,1,63
2020-05-12,1,0,2
2020-05-11,89,821,3349
2020-05-11,35,108,641
2020-05-09,2,3,36
2020-05-09,7,3,118
2020-05-08,25,48,298
2020-05-08,1,0,6
2020-05-08,20,90,563
2020-05-06,23,58,551
2020-05-06,18,85,641
2020-05-05,66,102,1652
2020-05-05,1,0,9
2020-05-05,8,8,67
2020-05-02,1,0,18
2020-04-29,1,0,0
2020-04-29,2,0,3
2020-04-29,2,0,1
2020-04-29,2,0,13
2020-04-29,7,9,94
2020-04-29,13,65,406
2020-04-27,40,51,416
2020-04-26,0,0,1
2020-04-23,1,4,60
2020-04-20,15,30,149
2020-04-18,45,400,1535
2020-04-18,0,11,87
2020-04-17,7,13,99
2020-04-16,8,15,121
2020-04-15,3,10,98
2020-04-14,1,0,1
2020-04-14,1,0,4
2020-04-14,1,0,1
2020-04-14,1,0,5
2020-04-14,21,8,147
2020-04-14,79,13,141
2020-04-14,24,72,585
2020-04-13,32,41,341
2020-04-13,8,11,161
2020-04-13,64,248,1306
2020-04-13,28,49,272
2020-04-12,1,0,0
2020-04-10,63,366,1797
2020-04-10,22,13,148
2020-04-05,2,0,12
2020-04-05,9,11,254
2020-04-05,8,19,201
2020-04-04,3,0,1
2020-04-03,111,226,985
2020-04-02,10,21,178
2020-03-29,0,0,0
2020-03-29,0,0,0
2020-03-29,3,11,27
2020-03-28,3,7,57
2020-03-28,8,31,150
2020-03-24,29,172,850
2020-03-22,6,1,70
2020-03-21,16,10,193
2020-03-18,4,6,14
2020-03-18,41,284,1012
2020-03-18,21,39,280
2020-03-17,2,2,23
2020-03-16,39,29,327
2020-03-15,37,133,1156
2020-03-15,4,3,29
2020-03-15,23,24,264
2020-03-14,13,21,286
2020-03-13,7,10,72
2020-03-10,152,437,3890
2020-03-09,24,44,383
2020-03-08,0,4,70
2020-03-07,16,5,222
2020-03-06,29,141,1059
2020-03-03,5,0,7
2020-03-03,7,4,48
2020-04-06,759,869,2805
2020-04-06,231,157,477
2020-04-06,225,267,771
2020-04-06,206,164,444
2020-04-05,177,306,1040
2020-04-04,191,311,1298
2020-04-04,79,30,94
2020-04-03,60,166,543
2020-04-03,252,289,1093
2020-04-02,833,1523,5389
2020-04-02,745,1295,4697
2020-04-02,53,394,1120
2020-03-31,256,334,1251
2020-03-30,5029,6037,25413
2020-03-30,215,1008,2616
2020-03-30,60,370,1068
2020-03-29,72,125,520
2020-03-29,201,851,2808
2020-03-29,143,1273,4043
2020-03-29,76,377,1564
2020-03-27,235,309,924
2020-03-26,116,488,1419
2020-03-26,156,434,1400
2020-03-26,68,282,570
2020-03-26,90,176,607
2020-03-25,496,403,968
2020-03-25,6565,2231,10686
2020-03-24,178,191,660
2020-03-24,149,632,1974
2020-03-24,75,392,1032
2020-03-24,148,207,757
2020-03-24,97,361,1164
2020-03-24,241,490,2433
2020-03-24,53,135,408
2020-03-24,99,240,943
2020-03-24,90,215,572
2020-03-23,135,357,774
2020-03-23,114,523,1053
2020-03-23,90,478,1507
2020-03-23,239,537,1852
2020-03-23,300,190,732
2020-03-23,116,568,1532
2020-03-22,225,633,1290
2020-03-22,1417,5409,14245
2020-03-22,355,495,1629
2020-03-21,9452,5929,21334
2020-03-20,142,440,1346
2020-03-20,69,281,1026
2020-03-19,173,571,1988
2020-03-19,60,126,360
2020-03-19,744,4353,15997
2020-03-19,105,360,1622
2020-03-19,45,105,367
2020-03-17,130,431,1931
2020-03-16,323,2894,6823
2020-03-16,498,3173,7140
2020-03-16,230,639,2239
2020-03-16,112,463,1583
2020-03-16,332,1229,3686
2020-03-16,383,1224,4264
2020-03-15,186,222,610
2020-03-15,132,243,1221
2020-03-15,7786,8903,32742
2020-03-15,146,237,884
2020-03-15,518,2099,8397
2020-03-15,253,1098,3540
2020-03-14,756,1413,5369
2020-03-14,599,2401,9156
2020-03-14,209,448,2065
2020-03-13,7569,15175,49230
2020-03-12,136,262,754
2020-03-12,225,352,1115
2020-03-12,36324,11362,45874
2020-03-11,49,142,581
2020-03-11,41,127,548
2020-03-11,31,182,652
2020-03-11,464,881,2227
2020-03-01,126,891,2821
2020-05-22,3107,1362,4607
2020-05-21,1107,149,764
2020-05-15,3300,2146,6357
2020-05-15,1683,886,2162
2020-05-15,937,625,1690
2020-05-15,1140,389,1554
2020-05-14,914,695,2871
2020-05-14,5525,6199,15482
2020-05-12,1961,762,3361
2020-05-11,3195,327,1546
2020-05-07,2177,6371,12329
2020-05-07,1035,308,1282
2020-05-07,8619,3356,13394
2020-05-07,3841,1193,5629
2020-05-06,399,256,1466
2020-05-06,921,1028,4996
2020-05-06,671,220,1127
2020-04-28,1167,236,1048
2020-04-27,921,88,480
2020-04-24,546,346,1773
2020-04-23,12191,3327,11700
2020-04-22,1094,106,576
2020-04-22,1019,143,697
2020-04-18,1279,3308,6737
2020-04-15,547,121,551
2020-04-14,681,105,535
2020-04-09,790,469,2296
2020-04-08,58,173,742
2020-04-08,352,168,855
2020-04-03,1166,687,2915
2020-04-02,1736,443,2312
2020-04-01,1370,387,1816
2020-03-31,1161,105,506
2020-03-27,1655,1417,7122
2020-03-27,677,276,1289
2020-03-26,6387,3289,20272
2020-03-25,6475,6328,33375
2020-03-21,1344,1833,8365
2020-03-20,3118,2731,12360
2020-03-20,535,312,1110
2020-03-20,2607,3172,12699
2020-03-19,595,103,439
2020-03-19,1359,2074,9143
2020-03-19,3419,2688,16102
2020-03-18,1225,1468,5810
2020-03-17,893,300,1501
2020-03-17,6253,3197,19470
2020-03-16,2406,1937,8500
2020-03-14,2642,499,2346
2020-03-12,5372,2439,11952
2020-03-12,1670,783,3557
2020-03-11,911,419,2207
2020-03-10,1378,1096,5097
2020-03-09,1020,583,2741
2020-03-09,1766,1189,6461
2020-03-06,1012,687,3141
2020-03-05,523,169,1047
2020-03-04,1411,840,4380
2020-03-03,836,696,3254
2020-03-02,395,242,1416
2020-03-02,2176,1218,7852
2020-05-19,55,107,677
2020-05-18,14,31,382
2020-05-17,43,280,2136
2020-05-17,34,12,250
2020-05-14,9,12,116
2020-05-12,57,381,2319
2020-05-12,23,63,452
2020-05-12,38,27,243
2020-05-10,21,10,387
2020-05-07,7,28,188
2020-05-05,18,35,213
2020-05-05,33,23,179
2020-05-03,47,113,1084
2020-04-29,222,788,2462
2020-04-28,8,27,72
2020-04-28,5,17,60
2020-04-24,30,198,991
2020-04-23,4,2,56
2020-04-23,20,69,286
2020-04-22,21,70,561
2020-04-21,13,13,121
2020-04-21,25,76,479
2020-04-20,34,55,327
2020-04-19,5,6,105
2020-04-16,15,82,190
2020-04-16,22,43,545
2020-04-15,16,38,346
2020-04-15,102,1236,6282
2020-04-15,17,41,552
2020-04-14,24,134,972
2020-04-13,13,7,132
2020-04-12,17,39,310
2020-04-11,34,243,1640
2020-04-10,1142,79,917
2020-04-06,46,87,466
2020-04-06,1,7,40
2020-04-05,3,9,82
2020-04-04,21,194,506
2020-04-03,40,14,604
2020-04-02,25,38,247
2020-04-02,87,531,2468
2020-04-01,11,14,92
2020-04-01,21,14,171
2020-03-31,26,19,187
2020-03-31,12,2,61
2020-03-28,26,8,230
2020-03-27,2,1,13
2020-03-27,14,49,474
2020-03-26,36,15,341
2020-03-25,10,6,99
2020-03-25,88,31,62
2020-03-24,6,9,56
2020-03-24,2,1,8
2020-03-23,57,975,4454
2020-03-23,15,48,205
2020-03-23,8,8,72
2020-03-23,1,9,61
2020-03-23,4,26,111
2020-03-22,100,316,1574
2020-03-21,480,354,2109
2020-03-19,31,99,829
2020-03-19,11,13,252
2020-03-17,173,669,3633
2020-03-17,24,97,479
2020-03-17,1,4,46
2020-03-16,8,19,150
2020-03-16,0,2,9
2020-03-16,16,8,141
2020-03-15,13,7,91
2020-03-15,19,88,485
2020-03-15,7,3,71
2020-03-12,6,9,114
2020-03-12,9,7,56
2020-03-12,5,15,222
2020-03-12,5,3,55
2020-03-11,175,979,6606
2020-03-11,17,78,506
2020-03-10,10,17,190
2020-03-10,61,228,1102
2020-03-09,295,268,428
2020-03-08,47,33,90
2020-03-02,81,119,976
2020-05-22,214,357,2041
2020-05-20,137,222,1303
2020-05-20,106,230,1556
2020-05-19,59,158,1708
2020-05-19,23,44,248
2020-05-19,13,43,211
2020-05-19,11,40,205
2020-05-19,11,43,201
2020-05-19,32,52,220
2020-05-19,1251,1445,8885
2020-05-19,808,1432,9416
2020-05-15,492,758,5370
2020-05-12,1122,954,6450
2020-05-11,545,664,4128
2020-05-09,211,283,1978
2020-05-09,1079,473,2893
2020-05-07,103,145,789
2020-05-07,495,605,3194
2020-05-07,628,901,5823
2020-05-05,805,752,4845
2020-04-30,3362,3323,17608
2020-04-30,229,218,1402
2020-04-28,1056,270,1854
2020-04-28,5708,270,1413
2020-04-28,654,308,2405
2020-04-28,1893,547,3945
2020-04-27,583,757,4620
2020-04-27,1323,1740,11089
2020-04-24,1359,776,4986
2020-04-23,200,746,4355
2020-04-23,216,422,2797
2020-04-21,301,453,2435
2020-04-21,296,333,1982
2020-04-20,436,675,3762
2020-04-20,762,1087,7048
2020-04-19,762,796,5240
2020-04-19,1055,1273,7858
2020-04-18,679,1371,8254
2020-04-18,96,350,2082
2020-04-17,665,657,3112
2020-04-17,390,1779,10454
2020-04-17,747,1138,7454
2020-04-17,631,1060,7003
2020-04-16,748,1213,6471
2020-04-16,171,359,2275
2020-04-15,167,365,2231
2020-04-14,522,1085,6420
2020-04-14,680,1079,6278
2020-04-13,885,1032,6899
2020-04-13,268,664,4221
2020-04-10,284,638,3935
2020-04-10,189,389,2751
2020-04-08,268,606,3793
2020-04-08,200,299,1988
2020-04-08,558,1299,8227
2020-04-08,114,333,2274
2020-04-07,102,385,2931
2020-04-07,166,231,1301
2020-04-06,126,286,2088
2020-04-06,344,566,4452
2020-04-06,203,549,3041
2020-04-06,161,748,4604
2020-04-06,426,732,5539
2020-04-03,303,490,3547
2020-04-01,224,286,1740
2020-04-01,892,992,5031
2020-03-31,470,591,3913
2020-03-29,1823,2138,14650
2020-03-29,1041,1518,6454
2020-03-28,1490,2165,18389
2020-03-28,161,544,3089
2020-03-28,449,1044,5780
2020-03-28,249,371,2467
2020-03-27,111,512,3616
2020-03-27,3106,4027,22593
2020-03-27,644,764,4734
2020-03-27,148,280,1664
2020-03-27,121,174,1244
2020-03-26,1126,1782,8124
2020-03-26,808,968,7878
2020-03-26,142,337,1880
2020-03-26,110,278,1276
2020-03-26,262,342,2059
2020-03-26,179,338,1751
2020-03-25,135,281,1643
2020-03-25,104,364,2277
2020-03-24,532,846,5953
2020-03-24,134,384,2038
2020-03-24,469,668,4782
2020-03-24,193,366,2292
2020-03-23,192,281,1784
2020-03-21,1093,2350,12528
2020-03-21,373,2771,16311
2020-03-20,497,719,5437
2020-03-20,257,454,3209
2020-03-20,125,175,1309
2020-03-19,311,647,4626
2020-03-18,83,271,863
2020-03-18,456,767,5541
2020-03-18,465,2115,12621
2020-03-18,279,746,4420
2020-03-18,782,1400,8885
2020-03-18,190,458,2787
2020-03-17,211,442,2196
2020-03-17,1438,3433,18802
2020-03-17,1420,3473,16365
2020-03-17,127,284,1486
2020-03-17,95,274,2105
2020-03-16,1869,1347,4460
2020-03-15,232,778,4364
2020-03-15,216,592,3849
2020-03-15,130,373,2230
2020-03-15,392,491,3112
2020-03-14,325,780,4679
2020-03-13,621,988,5863
2020-03-13,1125,1558,9985
2020-03-13,339,630,4216
2020-03-12,596,719,3664
2020-03-12,835,2465,15864
2020-03-10,119,516,2896
2020-03-10,387,948,3998
2020-03-10,7708,12219,55470
2020-03-10,3951,7943,26577
2020-03-09,473,571,2547
2020-03-09,542,960,5271
2020-03-08,360,381,1958
2020-03-08,3403,5821,27788
2020-03-08,312,891,5070
2020-03-07,198,495,2873
2020-03-06,119,207,1240
2020-03-06,69,142,935
2020-03-05,627,1033,7206
2020-03-05,158,289,1452
2020-03-05,430,725,4159
2020-03-05,56,188,999
2020-03-05,212,343,2320
2020-03-04,654,1403,10049
2020-03-03,61,139,755
2020-03-03,583,462,1831
2020-03-03,247,641,3179
2020-03-02,497,437,2590
2020-03-02,429,419,1995
2020-03-02,143,308,2007
2020-03-02,191,500,2610
2020-05-25,14,4,27
2020-05-25,7,1,12
2020-05-25,2804,776,3422
2020-05-25,299,1390,5376
2020-05-24,272,1669,6624
2020-05-23,641,5108,20258
2020-05-23,1687,9816,21623
2020-05-22,8,1,8
2020-05-22,7,4,23
2020-05-22,4,6,12
2020-05-22,3,3,11
2020-05-19,2040,7256,31806
2020-05-18,503,2885,9979
2020-05-18,124,1411,5807
2020-05-18,2078,6850,35059
2020-05-18,1545,9369,34179
2020-05-15,46,7,59
2020-05-15,491,1487,5653
2020-05-13,754,5732,20696
2020-05-13,37,107,275
2020-05-13,503,1674,6111
2020-05-13,958,6231,22403
2020-05-12,1056,5503,24155
2020-05-12,1744,9943,35470
2020-05-12,1051,4263,18514
2020-05-11,1662,970,5262
2020-05-11,19,8,39
2020-05-10,3130,13991,24017
2020-05-10,1299,5677,26532
2020-05-10,1033,3347,16691
2020-05-01,2885,15931,50025
2020-05-01,2342,12600,45364
2020-05-01,1352,12140,29805
2020-04-29,642,4434,17966
2020-04-28,44,27,161
2020-04-28,2979,12961,41001
2020-04-28,576,3200,12075
2020-04-28,542,6177,12693
2020-04-27,1299,8171,37699
2020-04-27,44,14,263
2020-04-27,14450,10094,50242
2020-04-27,1337,5494,19520
2020-04-27,975,3868,17989
2020-04-26,851,2728,10873
2020-04-26,4608,6209,26403
2020-04-26,1154,7962,29731
2020-04-26,735,2096,6404
2020-04-25,1531,4452,30355
2020-04-25,3091,8006,42763
2020-04-25,290,865,5427
2020-04-25,982,1513,6228
2020-04-24,1340,6887,17412
2020-04-24,1075,4636,19171
2020-04-23,162,345,2269
2020-04-23,2307,1236,6791
2020-04-23,1174,6056,21784
2020-04-22,1585,9062,23328
2020-04-22,1466,3324,16164
2020-04-21,1212,2644,8627
2020-04-21,2979,4675,26155
2020-04-21,778,4440,15367
2020-04-20,12,11,77
2020-04-20,655,2208,7972
2020-04-20,1246,4157,12126
2020-04-20,2906,12320,61996
2020-04-20,99,22,279
2020-04-20,614,1449,5377
2020-04-18,1991,8224,37783
2020-04-18,991,3344,11275
2020-04-18,5130,21085,77966
2020-04-16,1454,6428,23775
2020-04-15,1467,6170,20498
2020-04-15,24,20,239
2020-04-15,1114,5420,13797
2020-04-15,864,6697,12967
2020-04-15,13,18,80
2020-04-15,425,578,4208
2020-04-15,588,700,8837
2020-04-15,1494,1578,13793
2020-04-15,18,0,6
2020-04-15,3167,15976,57773
2020-04-14,1666,5946,25630
2020-04-14,1190,1370,4891
2020-04-14,746,1290,5879
2020-04-14,21581,10431,48226
2020-04-14,2492,11449,38646
2020-04-11,2093,3898,22446
2020-04-10,2442,2234,27491
2020-04-10,1084,4406,18171
2020-04-09,7528,8585,27333
2020-04-09,5294,13867,48236
2020-04-06,2236,11096,27351
2020-04-05,1862,6877,30246
2020-04-05,569,1737,7483
2020-04-04,1170,4869,13170
2020-04-04,1879,19456,39687
2020-04-04,358,2695,8610
2020-04-04,1699,12830,26551
2020-04-03,742,4942,12947
2020-04-03,2221,7651,25953
2020-04-03,899,4246,10718
2020-04-03,418,2530,11210
2020-04-03,573,4065,10511
2020-04-03,1488,7002,14919
2020-04-02,1407,2372,13591
2020-04-01,1101,5473,23083
2020-04-01,191,413,2437
2020-04-01,568,1892,7329
2020-04-01,300,1292,3603
2020-04-01,2547,9696,39720
2020-04-01,1334,3732,16267
2020-04-01,1831,2323,9222
2020-03-31,872,4682,17618
2020-03-31,1419,7454,35724
2020-03-31,859,4279,10965
2020-03-31,626,4191,10598
2020-03-31,143,143,904
2020-03-31,137,343,1965
2020-03-31,594,730,2414
2020-03-31,2056,5844,18814
2020-03-30,15,25,353
2020-03-30,879,5354,17560
2020-03-30,11,15,53
2020-03-30,429,1214,4060
2020-03-30,559,2862,12968
2020-03-30,137,712,2694
2020-03-30,544,3177,10480
2020-03-30,335,1969,6559
2020-03-30,64,79,777
2020-03-30,1688,9802,25234
2020-03-30,358,1312,3239
2020-03-30,836,6646,16938
2020-03-30,239,1490,3874
2020-03-29,1,0,1
2020-03-29,2898,10544,27993
2020-03-29,1364,3411,14510
2020-03-29,252,629,1722
2020-03-29,13,6,21
2020-03-29,69,12,198
2020-03-29,1309,2434,10340
2020-03-29,2133,5047,18507
2020-03-29,103,725,1548
2020-03-29,691,3013,12046
2020-03-29,1259,3797,12768
2020-03-28,2006,9308,28165
2020-03-28,28,100,268
2020-03-28,3756,7500,18802
2020-03-28,28,13,53
2020-03-28,318,2289,4681
2020-03-28,398,2712,8652
2020-03-28,362,2776,5778
2020-03-28,466,4966,10088
2020-03-28,766,2780,9514
2020-03-28,359,4334,8171
2020-03-28,1789,10252,29804
2020-03-27,576,3091,8523
2020-03-27,973,2670,12651
2020-03-27,713,2877,12710
2020-03-26,28,2,19
2020-03-26,4604,12694,37051
2020-03-26,993,2413,9100
2020-03-26,2388,7957,30653
2020-03-26,664,2649,10439
2020-03-25,307,1304,5158
2020-03-25,29,257,1208
2020-03-25,1845,7985,23513
2020-03-25,549,2435,5775
2020-03-25,81,404,1212
2020-03-25,347,1733,4243
2020-03-25,15,9,64
2020-03-25,176,833,2470
2020-03-25,361,1423,3025
2020-03-25,1535,3162,3056
2020-03-23,871,4659,24558
2020-03-23,311,1266,7266
2020-03-22,5,0,9
2020-03-22,7,0,8
2020-03-22,7,0,11
2020-03-19,2299,5310,30349
2020-03-19,1035,3818,31710
2020-03-17,6,6,18
2020-03-17,10,1,13
2020-03-17,37,40,349
2020-03-17,504,1284,5020
2020-03-17,131,113,846
2020-03-17,1969,6771,24450
2020-03-17,999,2521,8407
2020-03-17,1,2,39
2020-03-17,22,24,154
2020-03-17,1,0,6
2020-03-17,52,24,143
2020-03-17,792,2740,10502
2020-03-16,13,22,324
2020-03-16,32,15,367
2020-03-16,1944,4200,14572
2020-03-16,247,444,3227
2020-03-16,969,2950,15623
2020-03-16,685,5219,17650
2020-03-13,24,13,180
2020-03-13,1219,3027,16875
2020-03-13,2560,14818,55382
2020-03-13,315,476,5646
2020-03-13,226,496,5837
2020-03-12,113,25,458
2020-03-12,328,97,1388
2020-03-10,3706,8866,44071
2020-03-09,5,1,27
2020-03-09,878,2484,19316
2020-05-21,91,180,773
2020-05-21,109,97,414
2020-05-21,33,22,139
2020-05-18,135,212,1422
2020-05-15,169,98,410
2020-05-14,132,123,510
2020-05-14,64,35,128
2020-05-13,233,162,704
2020-05-13,80,62,168
2020-05-13,96,92,257
2020-05-13,148,148,520
2020-05-12,226,146,735
2020-05-11,154,155,589
2020-05-07,72,76,582
2020-05-04,205,922,2278
2020-05-04,3405,8750,23510
2020-05-03,413,789,3512
2020-05-03,159,365,1175
2020-05-03,270,326,1060
2020-05-03,1058,627,3607
2020-05-03,57,72,345
2020-05-01,223,352,1636
2020-05-01,14,18,99
2020-05-01,283,558,2408
2020-04-30,326,467,1939
2020-04-30,154,571,1934
2020-04-29,313,691,2424
2020-04-29,209,505,1571
2020-04-29,248,241,846
2020-04-28,258,1477,4554
2020-04-28,443,988,3498
2020-04-28,163,234,1231
2020-04-28,132,242,1061
2020-04-28,207,385,1567
2020-04-27,260,267,1456
2020-04-27,319,679,2237
2020-04-23,112,137,553
2020-04-23,678,1728,6689
2020-04-22,57,116,345
2020-04-21,474,803,3412
2020-04-21,138,369,1539
2020-04-21,165,490,2146
2020-04-20,344,218,1063
2020-04-19,153,125,646
2020-04-18,372,688,2385
2020-04-17,512,1782,5386
2020-04-17,105,510,2094
2020-04-17,151,445,1623
2020-04-14,197,511,1419
2020-04-14,225,401,1300
2020-04-14,1269,845,4337
2020-04-13,279,617,1384
2020-04-13,717,758,4183
2020-04-11,779,890,3346
2020-04-10,293,168,598
2020-04-10,809,1399,5463
2020-04-09,552,538,2673
2020-04-09,12093,9457,26865
2020-04-09,1078,1189,5188
2020-04-08,296,222,1355
2020-04-08,202,235,838
2020-04-08,2813,6238,13378
2020-04-06,330,445,2077
2020-04-06,143,149,775
2020-04-06,1132,2478,7437
2020-04-06,300,294,1191
2020-04-02,753,1543,4381
2020-04-02,82,303,1011
2020-04-01,594,1656,5079
2020-04-01,703,374,2396
2020-04-01,55,120,483
2020-03-31,536,1943,5247
2020-03-30,1128,2762,16370
2020-03-30,285,135,877
2020-03-25,657,425,2406
2020-03-25,7591,5099,12456
2020-03-25,1366,2947,5801
2020-03-25,124,340,991
2020-03-24,500,1624,5496
2020-03-24,232,1251,2831
2020-03-24,779,3702,10108
2020-03-23,79,86,484
2020-03-22,206,213,1106
2020-03-21,27,25,200
2020-03-21,19,29,222
2020-03-21,839,693,3658
2020-03-20,189,139,777
2020-03-19,183,105,465
2020-03-19,1264,4397,22400
2020-03-18,538,206,1301
2020-03-18,844,1824,7459
2020-03-17,528,563,3076
2020-03-17,320,336,1710
2020-03-16,75,47,201
2020-03-16,424,1015,4610
2020-03-15,6645,2107,10133
2020-03-15,579,154,958
2020-03-14,1775,2667,11735
2020-03-13,473,590,2220
2020-03-13,633,2260,9359
2020-03-13,92,51,267
2020-03-13,801,1155,4221
2020-03-13,151,100,591
2020-03-13,476,1304,4024
2020-03-12,475,842,3892
2020-03-12,803,145,966
2020-03-10,755,350,2064
2020-03-10,8037,4892,38626
2020-03-09,1074,203,1952
2020-03-09,2937,426,2185
2020-03-09,2362,294,1607
2020-03-09,10612,2516,15323
2020-03-06,420,197,1463
2020-03-06,7492,859,6424
2020-03-06,384,369,1935
2020-03-05,152,58,323
2020-03-05,168,104,748
2020-03-05,693,1350,5848
2020-03-04,363,114,673
2020-03-04,22411,1996,10325
2020-03-04,156,296,1166
2020-03-04,1005,1395,7195
2020-03-02,415,1613,7172
2020-03-02,3524,2575,10852
2020-05-25,299,557,6558
2020-05-22,142,590,4878
2020-05-21,99,60,818
2020-05-21,156,145,817
2020-05-19,9,8,111
2020-05-19,4,40,175
2020-05-19,6,6,48
2020-05-18,49,48,686
2020-05-18,109,514,3031
2020-05-18,30,9,186
2020-05-17,23,71,241
2020-05-15,42,38,430
2020-05-14,92,178,2135
2020-05-13,25,16,188
2020-05-13,50,22,498
2020-05-12,12,73,295
2020-05-12,20,23,167
2020-05-12,21,24,226
2020-05-12,27,79,552
2020-05-11,58,61,427
2020-05-07,65,391,2462
2020-05-06,14,40,311
2020-05-05,47,28,360
2020-05-05,26,11,209
2020-05-04,48,90,609
2020-05-04,67,37,294
2020-05-01,433,435,3363
2020-05-01,36,49,440
2020-04-30,15,12,121
2020-04-30,43,5,93
2020-04-30,113,207,1529
2020-04-29,269,588,4342
2020-04-29,3,0,25
2020-04-28,179,73,2383
2020-04-28,8,11,68
2020-04-24,6,20,82
2020-04-23,17,11,144
2020-04-21,345,1156,5048
2020-04-20,5,3,69
2020-04-20,13,6,249
2020-04-20,30,86,373
2020-04-19,18,4,97
2020-04-19,48,50,463
2020-04-17,5,8,43
2020-04-15,122,269,1821
2020-04-15,40,10,91
2020-04-15,9,6,149
2020-04-15,2236,102,2748
2020-04-14,3,3,52
2020-04-14,1,1,68
2020-04-13,11,2,39
2020-04-13,79,10,81
2020-04-10,1331,517,7179
2020-04-10,188,7,238
2020-04-10,104,34,529
2020-04-09,33,25,239
2020-04-09,109,24,83
2020-04-09,10,25,83
2020-04-08,36,45,580
2020-04-08,120,748,3556
2020-04-03,17,22,135
2020-04-02,8,9,72
2020-04-01,129,429,1958
2020-04-01,21,116,827
2020-03-31,22,22,236
2020-03-31,1,0,15
2020-03-30,22,53,328
2020-03-30,34,25,685
2020-03-26,126,104,1825
2020-03-25,10,26,166
2020-03-24,6,3,76
2020-03-24,168,159,1130
2020-03-24,8,14,142
2020-03-23,52,14,489
2020-03-21,48,55,523
2020-03-20,13,25,240
2020-03-20,131,36,873
2020-03-20,9,5,46
2020-03-20,35,300,1321
2020-03-19,73,110,1266
2020-03-19,8,28,202
2020-03-18,3,20,67
2020-03-18,2,6,40
2020-03-17,146,46,991
2020-03-17,42,80,776
2020-03-17,17,62,302
2020-03-16,9,27,132
2020-03-16,10,9,53
2020-03-16,8,78,203
2020-03-16,55,117,1138
2020-03-16,60,26,230
2020-03-15,18,12,151
2020-03-15,22,21,269
2020-03-15,19,12,268
2020-03-13,1,0,1
2020-03-13,9,14,118
2020-03-13,97,52,676
2020-03-12,3,0,37
2020-03-12,285,574,3419
2020-03-12,811,2354,20320
2020-03-11,85,157,1679
2020-03-11,57,126,980
2020-03-09,53,163,1384
2020-03-09,329,1835,6574
2020-03-09,17,45,549
2020-03-09,21,113,658
2020-03-09,191,527,3716
2020-03-04,52,6,224
2020-03-03,33,21,270
2020-03-03,175,215,1605
2020-03-02,51,19,519
2020-05-22,2,2,10
2020-05-22,58,117,671
2020-05-21,441,2818,15390
2020-05-21,83,394,3506
2020-05-21,80,572,3508
2020-05-20,110,111,698
2020-05-20,51,492,2417
2020-05-20,47,57,249
2020-05-20,163,358,3438
2020-05-20,454,1598,16925
2020-05-19,33,19,308
2020-05-19,182,163,1293
2020-05-19,189,158,1803
2020-05-19,84,313,1565
2020-05-19,38,188,1729
2020-05-19,26,84,579
2020-05-19,487,3058,17090
2020-05-19,358,87,1733
2020-05-18,123,316,2828
2020-05-18,78,409,2420
2020-05-18,30,211,1671
2020-05-18,21,223,1605
2020-05-15,70,53,512
2020-05-15,279,345,3821
2020-05-14,156,280,2020
2020-05-14,87,148,2589
2020-05-13,112,116,1145
2020-05-13,23,30,365
2020-05-13,90,129,1626
2020-05-13,3467,9049,52717
2020-05-13,219,522,3890
2020-05-13,51,102,1170
2020-05-13,217,382,4277
2020-05-12,243,395,6607
2020-05-12,141,479,2921
2020-05-12,95,289,1282
2020-05-12,99,260,1728
2020-05-12,259,1764,10949
2020-05-12,505,1723,12986
2020-05-12,315,550,3678
2020-05-11,814,4762,25247
2020-05-11,62,117,910
2020-05-08,824,3432,19869
2020-05-08,116,708,4072
2020-05-08,42,71,414
2020-05-08,1072,4251,24706
2020-05-08,765,6156,33410
2020-05-08,3737,14493,59324
2020-05-08,199,908,9139
2020-05-07,164,349,2428
2020-05-06,1826,3457,30457
2020-05-06,81,172,870
2020-05-06,25,20,180
2020-05-06,34,47,240
2020-05-06,498,1604,14365
2020-05-05,667,426,4208
2020-05-05,203,363,2200
2020-05-05,18,29,540
2020-05-05,2,0,9
2020-05-05,136,574,3879
2020-05-05,251,777,5255
2020-05-05,9,4,50
2020-05-05,60,123,671
2020-05-05,346,1100,7159
2020-05-05,101,326,2208
2020-05-05,25,185,1674
2020-05-05,807,4823,24875
2020-05-04,3,1,26
2020-05-04,359,282,2650
2020-05-04,132,346,1535
2020-05-01,37,260,1654
2020-05-01,98,499,3094
2020-05-01,168,277,3108
2020-05-01,51,158,758
2020-05-01,307,391,3994
2020-04-30,1097,1603,10274
2020-04-30,178,1200,5998
2020-04-30,367,530,3820
2020-04-29,1355,7032,32944
2020-04-29,163,707,4212
2020-04-29,722,1588,10019
2020-04-28,58,24,425
2020-04-27,13,3,43
2020-04-27,132,302,2023
2020-04-27,116,70,1224
2020-04-24,2303,4865,17895
2020-04-23,74,45,733
2020-04-23,35,159,1245
2020-04-23,31,60,246
2020-04-23,219,776,3989
2020-04-23,27,54,540
2020-04-23,8,51,497
2020-04-23,35,71,568
2020-04-23,345,757,5029
2020-04-22,214,776,4654
2020-04-22,79,356,4971
2020-04-22,17,30,457
2020-04-22,504,352,4306
2020-04-21,20,1,197
2020-04-21,60,111,796
2020-04-21,93,54,1109
2020-04-21,356,347,3799
2020-04-21,13,18,284
2020-04-21,121,348,1591
2020-04-21,77,192,1893
2020-04-21,545,1220,10462
2020-04-21,187,1246,7704
2020-04-20,109,318,1484
2020-04-20,24,61,485
2020-04-20,19,125,1221
2020-04-20,42,256,2239
2020-04-20,692,2966,18630
2020-04-20,5,2,26
2020-04-20,82,147,861
2020-04-20,74,185,1232
2020-04-17,1220,2776,19855
2020-04-17,17,17,142
2020-04-17,412,115,1466
2020-04-17,170,91,1181
2020-04-17,72,48,671
2020-04-17,1005,101,1804
2020-04-17,64,151,993
2020-04-17,27,151,840
2020-04-17,151,766,2059
2020-04-14,4,1,58
2020-04-14,140,417,3139
2020-04-14,96,72,1260
2020-04-14,100,433,3329
2020-04-13,334,1047,8265
2020-04-13,137,64,794
2020-04-13,43,126,1407
2020-04-13,1469,2182,21077
2020-04-08,47,35,1050
2020-04-08,407,1480,12807
2020-04-08,127,189,1409
2020-04-08,58,209,994
2020-04-07,1588,1135,11675
2020-04-07,70,111,625
2020-04-06,38,24,188
2020-04-06,472,540,3878
2020-04-06,107,72,683
2020-04-06,73,102,637
2020-04-06,142,388,2815
2020-04-03,553,1703,8901
2020-04-03,45,48,339
2020-04-03,71,72,431
2020-04-03,150,226,1135
2020-04-02,108,115,1443
2020-04-02,715,2353,10014
2020-04-01,70,109,432
2020-04-01,16,0,8
2020-04-01,439,540,3479
2020-04-01,205,310,2198
2020-04-01,19,37,205
2020-04-01,2925,5571,36857
2020-04-01,262,588,5369
2020-03-31,23,14,432
2020-03-31,911,2153,16907
2020-03-30,165,1894,7421
2020-03-30,84,262,1170
2020-03-30,114,141,2227
2020-03-30,148,237,2024
2020-03-29,81,167,3751
2020-03-27,39,120,1574
2020-03-27,2492,3313,23216
2020-03-27,3129,13388,70676
2020-03-27,132,164,1150
2020-03-27,127,219,2196
2020-03-26,1159,4752,24340
2020-03-26,178,442,1254
2020-03-26,65,228,1384
2020-03-26,280,2004,10686
2020-03-25,97,623,3415
2020-03-25,75,176,1153
2020-03-24,214,126,1015
2020-03-24,488,172,1379
2020-03-24,102,196,1580
2020-03-24,318,278,1959
2020-03-23,437,2324,12155
2020-03-23,549,2669,12341
2020-03-23,79,308,1556
2020-03-23,232,1555,8068
2020-03-21,445,873,5625
2020-03-21,81,33,865
2020-03-21,106,272,2610
2020-03-20,1218,4410,32176
2020-03-20,113,167,1104
2020-03-19,77,74,991
2020-03-19,93,203,2548
2020-03-18,410,3344,18236
2020-03-18,758,3980,19290
2020-03-18,405,2536,15971
2020-03-18,95,729,3878
2020-03-18,210,997,2818
2020-03-18,54,217,1689
2020-03-18,37,96,959
2020-03-18,18,89,901
2020-03-18,96,284,3065
2020-03-18,207,453,3173
2020-03-18,277,578,3046
2020-03-17,149,432,3516
2020-03-17,73,153,1436
2020-03-17,185,396,3842
2020-03-17,1747,8295,42316
2020-03-17,579,1067,12847
2020-03-17,29,112,1024
2020-03-17,48,333,3019
2020-03-17,46,29,546
2020-03-17,288,280,2784
2020-03-16,152,67,1064
2020-03-16,112,137,1225
2020-03-16,569,925,8955
2020-03-13,51,70,875
2020-03-13,4,3,228
2020-03-13,59,173,2050
2020-03-12,958,1184,11117
2020-03-12,64,70,916
2020-03-12,100,199,2314
2020-03-12,2342,388,12652
2020-03-12,627,3690,25736
2020-03-12,302,132,1546
2020-03-12,289,285,3295
2020-03-12,47,137,1036
2020-03-12,8221,2483,24547
2020-03-11,62,118,803
2020-03-11,55,148,2341
2020-03-11,87,247,2401
2020-03-11,52,111,1115
2020-03-11,96,118,745
2020-03-09,255,264,2526
2020-03-09,1243,720,8367
2020-03-09,112,281,4454
2020-03-09,570,2848,23149
2020-03-06,700,1319,9437
2020-03-06,311,149,1597
2020-03-05,52,92,968
2020-03-05,110,115,3489
2020-05-25,488,2275,7481
2020-05-24,345,1910,6787
2020-05-22,193,298,1064
2020-05-21,67,135,525
2020-05-20,642,658,2279
2020-05-15,227,563,2181
2020-05-13,143,341,1217
2020-05-10,238,690,2554
2020-05-10,6648,4468,12375
2020-05-07,477,559,1964
2020-05-07,126,148,705
2020-05-03,811,3618,7511
2020-05-03,210,559,2201
2020-05-01,109,241,672
2020-05-01,12,114,664
2020-05-01,12,101,573
2020-05-01,11,80,488
2020-05-01,17,98,536
2020-05-01,27,116,605
2020-05-01,37,175,759
2020-04-28,61,150,1143
2020-04-28,29,60,357
2020-04-26,56,78,574
2020-04-26,38,69,466
2020-04-26,256,591,2340
2020-04-25,2160,5238,18807
2020-04-24,14,37,225
2020-04-24,9,2,48
2020-04-23,159,322,1435
2020-04-22,25,49,265
2020-04-22,156,360,1676
2020-04-20,405,1238,5172
2020-04-19,34,80,707
2020-04-19,768,2551,12309
2020-04-18,672,4156,11174
2020-04-18,34,101,904
2020-04-18,51,264,1605
2020-04-18,18,88,815
2020-04-18,112,213,997
2020-04-18,15,31,165
2020-04-18,657,834,2047
2020-04-17,1064,5071,13403
2020-04-17,157,1062,2585
2020-04-16,22,29,206
2020-04-16,9,62,445
2020-04-15,1277,4769,13498
2020-04-15,670,2087,8327
2020-04-15,40,92,525
2020-04-15,156,842,2640
2020-04-15,53,33,490
2020-04-14,165,852,2312
2020-04-14,34,69,352
2020-04-14,37,53,374
2020-04-14,82,70,270
2020-04-13,255,125,413
2020-04-11,25,53,366
2020-04-11,401,1329,7575
2020-04-11,167,274,1794
2020-04-11,313,1137,4833
2020-04-10,1639,4690,17274
2020-04-10,7661,2166,6542
2020-04-10,1481,6441,19404
2020-04-10,9,3,54
2020-04-07,597,3772,12950
2020-04-07,196,437,1817
2020-04-07,125,218,1337
2020-04-06,257,546,1538
2020-04-06,144,428,2947
2020-04-04,6952,5119,19843
2020-04-03,98,52,183
2020-04-03,30,59,225
2020-04-01,365,3665,8107
2020-04-01,1087,5530,16044
2020-04-01,1002,5157,11957
2020-03-31,12,26,80
2020-03-31,1146,2876,11294
2020-03-31,1441,4140,10228
2020-03-30,219,1120,1742
2020-03-29,2244,7251,23673
2020-03-28,1616,1843,21381
2020-03-27,2977,3155,17220
2020-03-26,84,49,171
2020-03-26,39,41,143
2020-03-24,52,92,395
2020-03-23,183,453,2286
2020-03-23,59,51,184
2020-03-23,14,27,73
2020-03-22,473,1340,4404
2020-03-22,36,43,153
2020-03-21,31,38,132
2020-03-20,60,62,229
2020-03-19,1027,4433,12408
2020-03-19,30,58,296
2020-03-19,131,109,483
2020-03-19,42,70,231
2020-03-18,400,1102,4746
2020-03-17,119,413,1151
2020-03-16,54,151,903
2020-03-16,56,159,711
2020-03-15,378,725,6409
2020-03-15,71,178,709
2020-03-14,266,170,1136
2020-03-14,5226,4183,10796
2020-03-13,297,799,1921
2020-03-13,193,186,1015
2020-03-12,1125,398,1834
2020-03-12,93,87,447
2020-03-12,123,135,780
2020-03-11,164,251,1134
2020-03-11,124,95,742
2020-03-11,539,1562,7032
2020-03-11,205,757,2652
2020-03-11,2459,2118,24481
2020-03-11,1627,4035,18489
2020-03-11,161,114,450
2020-03-11,220,316,918
2020-03-11,59,65,353
2020-03-05,18,88,346
2020-03-04,69,163,594
2020-03-04,67,197,933
2020-03-02,1175,6494,20957
2020-05-22,2078,4414,13178
2020-05-21,1071,4276,8835
2020-05-19,1620,2717,9897
2020-05-18,1031,3004,10588
2020-05-17,1040,2459,8313
2020-05-16,1227,2480,7873
2020-05-15,2376,13463,26006
2020-05-15,539,4172,9063
2020-05-14,871,2096,7004
2020-05-14,1928,9129,34767
2020-05-13,574,1183,3898
2020-05-13,2710,7539,26098
2020-05-13,759,1391,4486
2020-05-13,999,2881,6049
2020-05-12,755,2680,5443
2020-05-11,1553,2822,8553
2020-05-11,1011,2304,6898
2020-05-11,1478,4583,15647
2020-05-10,962,5198,12060
2020-05-10,2977,9376,25206
2020-05-10,4093,16054,52040
2020-05-10,678,1021,4361
2020-05-07,222,320,1202
2020-05-06,394,1923,6526
2020-05-06,1079,5798,11495
2020-05-05,989,1923,8581
2020-05-04,577,1425,4075
2020-05-04,1230,3392,14185
2020-05-01,2836,6392,21810
2020-04-30,162,1817,8336
2020-04-29,9192,19247,89130
2020-04-29,355,934,2184
2020-04-29,2811,4355,12604
2020-04-28,883,4316,11264
2020-04-27,1980,4251,19519
2020-04-26,4593,9593,27978
2020-04-26,4731,16733,42595
2020-04-25,722,934,4708
2020-04-25,4334,7236,24498
2020-04-23,2160,4210,13500
2020-04-23,2212,9661,22728
2020-04-23,1058,4143,9282
2020-04-23,5835,15778,64010
2020-04-23,1488,2987,12050
2020-04-22,4611,7842,35281
2020-04-22,18538,14507,84863
2020-04-22,1060,3263,11984
2020-04-21,1175,3234,11185
2020-04-21,2190,2505,19466
2020-04-20,2703,5280,13417
2020-04-18,4949,6520,25161
2020-04-17,1977,7159,23451
2020-04-15,2485,5146,18081
2020-04-11,1123,3086,8979
2020-04-09,3914,9305,33683
2020-04-08,1653,1932,4479
2020-04-07,736,2654,8960
2020-04-07,602,2521,10729
2020-04-07,9214,14946,56369
2020-04-07,956,2687,8739
2020-04-07,592,2987,11586
2020-04-06,1614,4033,13045
2020-04-06,6744,12835,37086
2020-04-03,1256,3670,12202
2020-04-02,534,1321,4363
2020-04-02,1550,6988,13843
2020-04-01,3057,5988,17721
2020-04-01,20967,10081,41993
2020-04-01,1076,5402,15656
2020-04-01,1438,5283,15292
2020-03-31,450,853,2678
2020-03-31,354,2428,7053
2020-03-30,6776,7389,37971
2020-03-30,2095,7777,20614
2020-03-29,4503,5658,17791
2020-03-29,2598,8872,26902
2020-03-27,1218,2491,6634
2020-03-26,2943,4731,13231
2020-03-25,836,1994,6189
2020-03-25,2079,4903,20499
2020-03-25,329,1522,5686
2020-03-24,460,1085,3310
2020-03-24,686,1907,6850
2020-03-24,1727,10524,25444
2020-03-23,4569,10234,24915
2020-03-23,1201,3095,10939
2020-03-23,962,3729,10967
2020-03-23,475,1650,4317
2020-03-22,4246,9122,25080
2020-03-22,3282,20087,41408
2020-03-21,648,1422,7037
2020-03-20,1570,5442,12675
2020-03-20,13938,4809,28541
2020-03-20,1449,2382,10829
2020-03-16,1114,3896,17461
2020-03-16,7323,8250,30988
2020-03-14,3275,6817,19370
2020-03-13,2359,6103,18312
2020-03-12,1509,2247,11279
2020-03-12,1872,5719,15314
2020-03-12,386,1716,6469
2020-03-12,1355,5223,23223
2020-03-12,3224,6218,33813
2020-03-12,579,3036,11777
2020-03-12,268,1151,4255
2020-03-11,1836,7410,27393
2020-03-11,650,3743,12106
2020-03-11,495,1010,5662
2020-03-10,2022,3120,10591
2020-03-09,3296,8767,35795
2020-03-04,1065,1991,7648
2020-03-03,1156,5837,17483
2020-03-02,4438,6257,21821
2020-04-13,0,10654,0
2020-03-01,0,16226,65584
2020-03-03,0,703,2468
2020-04-30,0,5824,0
2020-04-03,0,6131,0
2020-03-12,0,4038,0
2020-03-12,0,4035,0
2020-03-09,0,87133,281721
2020-03-18,0,8243,0
2020-03-18,0,8170,0
2020-04-10,0,4499,0
2020-04-10,0,5312,0
2020-05-11,0,5918,0
2020-05-17,0,33899,191983
2020-03-08,0,8923,0
2020-04-29,0,9335,0
2020-03-09,0,7254,0
2020-04-28,0,8015,0
2020-04-29,0,39757,246274
2020-04-29,0,5802,0
2020-04-29,0,7731,0
2020-04-29,0,5623,0
2020-03-28,0,7257,0
2020-03-08,0,9996,0
2020-03-08,0,7295,0
2020-03-08,0,29211,135311
2020-03-28,0,14845,0
2020-03-09,0,4160,0
2020-04-25,0,4582,0
2020-05-02,0,4815,0
2020-03-29,0,21813,102244
2020-03-29,0,7292,0
2020-05-18,0,37169,0
2020-03-29,0,4724,0
2020-03-09,0,22619,0
2020-03-29,0,3784,0
2020-03-09,0,24608,84849
2020-03-04,0,15669,0
2020-03-09,0,13056,67474
2020-05-20,0,7264,0
2020-03-29,0,22559,117446
2020-03-04,0,6506,0
2020-03-09,0,8223,0
2020-03-29,0,9533,0
2020-03-10,0,9307,0
2020-05-19,0,9901,35931
2020-03-03,0,12969,52717
2020-05-03,0,5186,0
2020-03-30,0,7443,0
2020-03-30,0,8850,0
2020-04-30,0,7909,0
2020-05-21,0,5292,0
2020-03-30,0,7719,0
2020-04-30,0,7853,0
2020-05-04,0,52229,253943
2020-03-10,0,11682,62952
2020-03-04,0,30,95
2020-03-10,0,12732,0
2020-03-31,0,5070,0
2020-03-04,0,12488,56335
2020-03-31,0,5120,0
2020-03-04,0,2436,0
2020-03-31,0,10580,0
2020-03-05,0,10215,0
2020-03-05,0,7514,0
2020-05-21,0,34085,186832
2020-03-31,0,8213,0
2020-03-31,0,18233,66603
2020-05-22,0,11487,0
2020-03-05,0,23361,94775
2020-03-05,0,11072,52316
2020-03-11,0,19166,87357
2020-04-01,0,18552,0
2020-04-01,0,8155,0
2020-05-05,0,29032,113223
2020-03-11,0,32036,153594
2020-03-11,0,11194,53439
2020-05-01,0,5478,0
2020-03-05,0,24323,130740
2020-03-11,0,12434,50701
2020-03-11,0,25640,145329
2020-03-05,0,16204,67064
2020-05-01,0,3585,0
2020-03-11,0,44951,237951
2020-05-01,0,4744,0
2020-03-12,0,12988,0
2020-04-02,0,7209,0
2020-05-02,0,17828,70367
2020-03-12,0,2792,0
2020-03-12,0,3009,0
2020-04-03,0,5309,0
2020-05-23,0,6930,0
2020-03-12,0,2929,0
2020-03-12,0,2894,0
2020-03-12,0,3040,0
2020-03-12,0,2976,0
2020-03-12,0,6330,0
2020-03-12,0,3046,0
2020-04-03,0,6624,0
2020-03-12,0,2516,0
2020-03-12,0,2792,0
2020-03-12,0,2537,0
2020-04-04,0,6987,0
2020-03-12,0,4053,0
2020-03-12,0,5925,0
2020-04-04,0,2754,0
2020-05-05,0,9345,0
2020-05-03,0,37418,155159
2020-04-04,0,6070,0
2020-03-12,0,20410,129598
2020-03-06,0,13688,59207
2020-03-06,0,11776,47859
2020-03-12,0,7493,0
2020-03-13,0,8256,0
2020-03-13,0,4360,0
2020-05-06,0,19496,99563
2020-04-05,0,8040,0
2020-04-05,0,4912,0
2020-04-05,0,7134,0
2020-04-04,0,3991,0
2020-05-24,0,51625,189716
2020-03-13,0,10332,0
2020-04-04,0,4421,0
2020-03-13,0,10388,0
2020-04-04,0,4063,0
2020-04-04,0,6338,0
2020-03-13,0,27703,147130
2020-04-04,0,10286,0
2020-03-13,0,26651,140084
2020-04-05,0,5084,0
2020-04-05,0,4367,0
2020-04-04,0,25833,142436
2020-03-14,0,22467,111340
2020-03-14,0,6766,0
2020-05-25,0,27538,108945
2020-04-05,0,19570,92366
2020-03-14,0,18804,0
2020-05-25,0,4617,0
2020-03-14,0,8220,0
2020-03-14,0,7488,0
2020-05-25,0,3198,0
2020-04-06,0,14512,72505
2020-05-25,0,2810,0
2020-03-14,0,19908,136638
2020-03-14,0,23146,0
2020-04-06,0,11828,0
2020-04-06,0,4872,0
2020-03-14,0,14677,91021
2020-03-14,0,10141,47638
2020-03-14,0,12302,49416
2020-04-06,0,7401,0
2020-03-14,0,13801,87471
2020-05-25,0,27981,153898
2020-05-10,0,10339,0
2020-05-10,0,13453,0
2020-04-07,0,6758,0
2020-03-15,0,15514,67592
2020-03-15,0,11018,0
2020-04-08,0,4707,0
2020-05-10,0,24646,119660
2020-03-16,0,14769,0
2020-04-08,0,6192,0
2020-04-09,0,28789,172027
2020-05-10,0,6313,0
2020-04-09,0,5218,0
2020-03-17,0,9651,0
2020-03-17,0,7637,0
2020-03-17,0,6483,0
2020-03-17,0,7053,0
2020-03-17,0,5924,0
2020-03-17,0,5976,0
2020-03-17,0,6069,0
2020-03-17,0,2984,0
2020-03-17,0,2933,0
2020-03-17,0,2804,0
2020-04-10,0,3513,0
2020-03-17,0,3673,0
2020-03-17,0,3697,0
2020-04-10,0,13770,0
2020-05-10,0,24647,0
2020-03-17,0,2925,0
2020-03-17,0,3218,0
2020-04-10,0,4195,0
2020-03-17,0,3037,0
2020-05-11,0,3918,0
2020-03-17,0,4422,0
2020-03-17,0,13210,0
2020-03-18,0,3696,0
2020-04-10,0,9871,0
2020-03-18,0,5104,0
2020-03-18,0,3165,0
2020-03-18,0,2940,0
2020-03-18,0,4053,0
2020-03-18,0,3289,0
2020-03-18,0,4919,0
2020-03-18,0,3022,0
2020-03-18,0,2948,0
2020-05-11,0,16598,0
2020-04-10,0,9413,0
2020-04-10,0,7097,0
2020-04-10,0,13384,0
2020-03-18,0,9337,0
2020-05-11,0,27409,148617
2020-05-11,0,31020,194241
2020-03-19,0,19018,80376
2020-04-10,0,7552,0
2020-03-19,0,7108,0
2020-03-19,0,5325,0
2020-05-11,0,5339,0
2020-04-11,0,1219,5031
2020-03-20,0,3691,0
2020-03-20,0,4679,0
2020-04-11,0,9028,30901
2020-03-20,0,1870,0
2020-04-11,0,39164,163244
2020-03-20,0,2655,0
2020-03-20,0,1802,0
2020-03-20,0,3579,0
2020-04-12,0,13656,0
2020-03-20,0,1942,0
2020-03-20,0,1868,0
2020-03-20,0,3394,0
2020-03-20,0,2562,0
2020-03-20,0,2466,0
2020-03-20,0,2436,0
2020-03-20,0,2916,0
2020-03-20,0,2827,0
2020-03-20,0,2534,0
2020-03-20,0,2926,0
2020-03-20,0,3447,0
2020-03-20,0,4946,0
2020-03-20,0,3237,0
2020-04-12,0,1671,6143
2020-04-12,0,28759,134793
2020-03-20,0,8458,0
2020-03-20,0,7612,0
2020-04-12,0,7492,0
2020-03-21,0,8612,0
2020-05-12,0,22254,117579
2020-03-22,0,10931,0
2020-03-22,0,9923,0
2020-05-13,0,5706,0
2020-05-13,0,4252,0
2020-03-22,0,2564,0
2020-05-13,0,5894,0
2020-03-22,0,1031,0
2020-03-22,0,1241,0
2020-03-22,0,1046,0
2020-04-13,0,21414,104910
2020-04-13,0,8968,0
2020-03-22,0,4282,0
2020-03-22,0,3718,0
2020-04-14,0,19968,0
2020-03-22,0,2619,0
2020-03-22,0,2388,0
2020-03-22,0,2363,0
2020-03-22,0,3045,0
2020-03-22,0,4238,0
2020-05-14,0,4946,0
2020-03-22,0,3485,0
2020-04-15,0,8253,0
2020-03-22,0,6040,0
2020-05-15,0,3919,0
2020-04-16,0,8348,0
2020-03-22,0,8452,0
2020-03-23,0,4955,0
2020-04-17,0,81754,295326
2020-04-17,0,6331,0
2020-03-23,0,15634,0
2020-03-23,0,18102,0
2020-03-23,0,18578,0
2020-04-18,0,12258,0
2020-05-15,0,11644,0
2020-03-23,0,7314,0
2020-04-18,0,15116,74129
2020-04-18,0,2810,0
2020-03-23,0,52007,165208
2020-03-23,0,8130,0
2020-04-18,0,5953,0
2020-03-24,0,13964,0
2020-03-24,0,13004,66882
2020-03-24,0,8390,0
2020-04-18,0,4313,0
2020-03-24,0,4670,0
2020-04-18,0,14441,63469
2020-04-18,0,13198,0
2020-04-18,0,5189,0
2020-05-16,0,24672,127274
2020-04-18,0,7679,0
2020-03-24,0,12895,0
2020-03-24,0,10067,0
2020-04-19,0,5258,0
2020-03-24,0,7524,0
2020-04-19,0,7395,0
2020-04-19,0,29369,102364
2020-03-25,0,5013,0
2020-04-19,0,7939,0
2020-05-17,0,28578,177787
2020-05-17,0,5379,0
2020-03-25,0,10665,0
2020-04-20,0,6142,0
2020-03-26,0,7711,0
2020-04-21,0,6192,0
2020-03-27,0,48259,320765
2020-04-21,0,12301,56949
2020-03-27,0,9020,0
2020-04-21,0,4899,0
2020-03-27,0,10179,0
2020-03-27,0,6484,0
2020-04-22,0,6088,0
2020-04-22,0,6257,0
2020-04-22,0,13133,69839
2020-03-28,0,12640,0
2020-03-28,0,5555,0
2020-03-28,0,9304,0
2020-04-22,0,23655,106736
2020-04-22,0,6196,0
2020-04-23,0,23141,77141
2020-04-23,0,5659,0
2020-03-01,0,20703,91989
2020-03-02,0,6597,0
2020-04-24,0,19748,103517
2020-04-24,0,5794,26294
2020-04-24,0,435,1825
2020-04-24,0,15532,76487
2020-04-24,0,19748,0
2020-03-02,0,6927,0
2020-04-24,0,5295,0
2020-03-02,0,4964,0
2020-04-24,0,6737,0
2020-03-02,0,4145,0
2020-04-25,0,3455,0
2020-04-25,0,3138,0
2020-04-25,0,3204,0
2020-04-25,0,2843,0
2020-04-25,0,2699,0
2020-04-25,0,4096,0
2020-04-25,0,3084,0
2020-04-25,0,3459,0
2020-04-25,0,2523,0
2020-04-25,0,3636,0
2020-04-25,0,3063,0
2020-04-25,0,3790,0
2020-04-25,0,30975,132750
2020-04-25,0,38133,179258
2020-04-27,0,11349,0
2020-04-28,0,9685,0
2020-03-22,0,5074,0
