coordinates,created_at,hashtags,media,urls,favorite_count,id,in_reply_to_screen_name,in_reply_to_status_id,in_reply_to_user_id,lang,place,possibly_sensitive,retweet_count,retweet_id,retweet_screen_name,source,text,tweet_url,user_created_at,user_screen_name,user_default_profile_image,user_description,user_favourites_count,user_followers_count,user_friends_count,user_listed_count,user_location,user_name,user_screen_name,user_statuses_count,user_time_zone,user_urls,user_verified
,Sat Sep 19 15:35:51 +0000 2020,,,,0,1307342649196556289,,,,en,,,0,,,"<a href=""http://twitter.com/download/android"" rel=""nofollow"">Twitter for Android</a>","Just now on Tucker Carlson it was revealed that

CORONAVIRUS was CREATED in Wuhan Lab and released INTENTIONALLY",https://twitter.com/DavidBu68093562/status/1307342649196556289,Mon Apr 20 16:42:36 +0000 2020,DavidBu68093562,false,water Earth and Air Outdoorsman basically,8,1,9,0,,David Butler,DavidBu68093562,2336,,,false
,Wed Sep 16 16:16:37 +0000 2020,,,,7,1306265744062255104,,,,en,,,1,,,"<a href=""https://mobile.twitter.com"" rel=""nofollow"">Twitter Web App</a>","Last night on Tucker Carlson it was revealed that

CORONAVIRUS was CREATED in Wuhan Lab and released INTENTIONALLY!

What say you?",https://twitter.com/Ohsoleanna/status/1306265744062255104,Sun May 03 15:35:39 +0000 2009,Ohsoleanna,false,"꧁My family is of all colors !  Italian girl    BACK THE BLUE! #TRUMP2020 #MAGA #KAG activist , Love to travel ....... Patriot ! Blacklist hollywerid !!!
🥀🥀",7014,1100,1815,0,Usa !!! ,Marini Italian 2020 X-Democrat Redpill,Ohsoleanna,7740,,,false
